/*!40101 SET NAMES utf8 */;
/*!40014 SET FOREIGN_KEY_CHECKS=0 */;
/*!40101 SET SQL_MODE='NO_AUTO_VALUE_ON_ZERO' */;
/*!40111 SET SQL_NOTES=0 */;
CREATE DATABASE /*!32312 IF NOT EXISTS*/ eor_admin /*!40100 DEFAULT CHARACTER SET utf8mb4 */;
USE eor_admin;

DROP TABLE IF EXISTS activity_log;
CREATE TABLE `activity_log` (
  `id` bigint(20) unsigned NOT NULL AUTO_INCREMENT,
  `log_name` varchar(255) COLLATE utf8mb4_unicode_ci DEFAULT NULL,
  `description` text COLLATE utf8mb4_unicode_ci NOT NULL,
  `subject_id` bigint(20) unsigned DEFAULT NULL,
  `subject_type` varchar(255) COLLATE utf8mb4_unicode_ci DEFAULT NULL,
  `causer_id` bigint(20) unsigned DEFAULT NULL,
  `causer_type` varchar(255) COLLATE utf8mb4_unicode_ci DEFAULT NULL,
  `properties` longtext CHARACTER SET utf8mb4 COLLATE utf8mb4_bin DEFAULT NULL CHECK (json_valid(`properties`)),
  `created_at` timestamp NULL DEFAULT NULL,
  `updated_at` timestamp NULL DEFAULT NULL,
  PRIMARY KEY (`id`),
  KEY `activity_log_log_name_index` (`log_name`),
  KEY `subject` (`subject_id`,`subject_type`),
  KEY `causer` (`causer_id`,`causer_type`)
) ENGINE=InnoDB AUTO_INCREMENT=274 DEFAULT CHARSET=utf8mb4 COLLATE=utf8mb4_unicode_ci;

DROP TABLE IF EXISTS failed_jobs;
CREATE TABLE `failed_jobs` (
  `id` bigint(20) unsigned NOT NULL AUTO_INCREMENT,
  `connection` text COLLATE utf8mb4_unicode_ci NOT NULL,
  `queue` text COLLATE utf8mb4_unicode_ci NOT NULL,
  `payload` longtext COLLATE utf8mb4_unicode_ci NOT NULL,
  `exception` longtext COLLATE utf8mb4_unicode_ci NOT NULL,
  `failed_at` timestamp NOT NULL DEFAULT current_timestamp(),
  PRIMARY KEY (`id`)
) ENGINE=InnoDB DEFAULT CHARSET=utf8mb4 COLLATE=utf8mb4_unicode_ci;

DROP TABLE IF EXISTS migrations;
CREATE TABLE `migrations` (
  `id` int(10) unsigned NOT NULL AUTO_INCREMENT,
  `migration` varchar(255) COLLATE utf8mb4_unicode_ci NOT NULL,
  `batch` int(11) NOT NULL,
  PRIMARY KEY (`id`)
) ENGINE=InnoDB AUTO_INCREMENT=94 DEFAULT CHARSET=utf8mb4 COLLATE=utf8mb4_unicode_ci;

DROP TABLE IF EXISTS model_has_permissions;
CREATE TABLE `model_has_permissions` (
  `permission_id` bigint(20) unsigned NOT NULL,
  `model_type` varchar(255) COLLATE utf8mb4_unicode_ci NOT NULL,
  `model_id` bigint(20) unsigned NOT NULL,
  PRIMARY KEY (`permission_id`,`model_id`,`model_type`),
  KEY `model_has_permissions_model_id_model_type_index` (`model_id`,`model_type`),
  CONSTRAINT `model_has_permissions_permission_id_foreign` FOREIGN KEY (`permission_id`) REFERENCES `permissions` (`id`) ON DELETE CASCADE
) ENGINE=InnoDB DEFAULT CHARSET=utf8mb4 COLLATE=utf8mb4_unicode_ci;

DROP TABLE IF EXISTS model_has_roles;
CREATE TABLE `model_has_roles` (
  `role_id` bigint(20) unsigned NOT NULL,
  `model_type` varchar(255) COLLATE utf8mb4_unicode_ci NOT NULL,
  `model_id` bigint(20) unsigned NOT NULL,
  PRIMARY KEY (`role_id`,`model_id`,`model_type`),
  KEY `model_has_roles_model_id_model_type_index` (`model_id`,`model_type`),
  CONSTRAINT `model_has_roles_role_id_foreign` FOREIGN KEY (`role_id`) REFERENCES `roles` (`id`) ON DELETE CASCADE
) ENGINE=InnoDB DEFAULT CHARSET=utf8mb4 COLLATE=utf8mb4_unicode_ci;

DROP TABLE IF EXISTS password_resets;
CREATE TABLE `password_resets` (
  `email` varchar(255) COLLATE utf8mb4_unicode_ci NOT NULL,
  `token` varchar(255) COLLATE utf8mb4_unicode_ci NOT NULL,
  `created_at` timestamp NULL DEFAULT NULL,
  KEY `password_resets_email_index` (`email`)
) ENGINE=InnoDB DEFAULT CHARSET=utf8mb4 COLLATE=utf8mb4_unicode_ci;

DROP TABLE IF EXISTS permissions;
CREATE TABLE `permissions` (
  `id` bigint(20) unsigned NOT NULL AUTO_INCREMENT,
  `name` varchar(255) COLLATE utf8mb4_unicode_ci NOT NULL,
  `guard_name` varchar(255) COLLATE utf8mb4_unicode_ci NOT NULL,
  `created_at` timestamp NULL DEFAULT NULL,
  `updated_at` timestamp NULL DEFAULT NULL,
  PRIMARY KEY (`id`)
) ENGINE=InnoDB AUTO_INCREMENT=91 DEFAULT CHARSET=utf8mb4 COLLATE=utf8mb4_unicode_ci;

DROP TABLE IF EXISTS personal_access_tokens;
CREATE TABLE `personal_access_tokens` (
  `id` bigint(20) unsigned NOT NULL AUTO_INCREMENT,
  `tokenable_type` varchar(255) COLLATE utf8mb4_unicode_ci NOT NULL,
  `tokenable_id` bigint(20) unsigned NOT NULL,
  `name` varchar(255) COLLATE utf8mb4_unicode_ci NOT NULL,
  `token` varchar(64) COLLATE utf8mb4_unicode_ci NOT NULL,
  `abilities` text COLLATE utf8mb4_unicode_ci DEFAULT NULL,
  `last_used_at` timestamp NULL DEFAULT NULL,
  `created_at` timestamp NULL DEFAULT NULL,
  `updated_at` timestamp NULL DEFAULT NULL,
  PRIMARY KEY (`id`),
  UNIQUE KEY `personal_access_tokens_token_unique` (`token`),
  KEY `personal_access_tokens_tokenable_type_tokenable_id_index` (`tokenable_type`,`tokenable_id`)
) ENGINE=InnoDB DEFAULT CHARSET=utf8mb4 COLLATE=utf8mb4_unicode_ci;

DROP TABLE IF EXISTS posts;
CREATE TABLE `posts` (
  `id` bigint(20) unsigned NOT NULL AUTO_INCREMENT,
  `post_title` varchar(255) COLLATE utf8mb4_unicode_ci NOT NULL,
  `post_body` text COLLATE utf8mb4_unicode_ci NOT NULL,
  `featured_image` varchar(255) COLLATE utf8mb4_unicode_ci NOT NULL,
  `status` tinyint(1) NOT NULL DEFAULT 0,
  `project_id` bigint(20) unsigned DEFAULT NULL,
  `user_id` bigint(20) unsigned NOT NULL,
  `created_at` timestamp NULL DEFAULT NULL,
  `updated_at` timestamp NULL DEFAULT NULL,
  PRIMARY KEY (`id`),
  KEY `posts_project_id_foreign` (`project_id`),
  KEY `posts_user_id_foreign` (`user_id`),
  CONSTRAINT `posts_project_id_foreign` FOREIGN KEY (`project_id`) REFERENCES `projects` (`id`) ON DELETE CASCADE,
  CONSTRAINT `posts_user_id_foreign` FOREIGN KEY (`user_id`) REFERENCES `users` (`id`) ON DELETE CASCADE
) ENGINE=InnoDB AUTO_INCREMENT=75 DEFAULT CHARSET=utf8mb4 COLLATE=utf8mb4_unicode_ci;

DROP TABLE IF EXISTS projects;
CREATE TABLE `projects` (
  `id` bigint(20) unsigned NOT NULL AUTO_INCREMENT,
  `project_name` varchar(255) COLLATE utf8mb4_unicode_ci NOT NULL,
  `status` tinyint(1) NOT NULL DEFAULT 0,
  `user_id` bigint(20) unsigned NOT NULL,
  `created_at` timestamp NULL DEFAULT NULL,
  `updated_at` timestamp NULL DEFAULT NULL,
  PRIMARY KEY (`id`),
  KEY `projects_user_id_foreign` (`user_id`),
  CONSTRAINT `projects_user_id_foreign` FOREIGN KEY (`user_id`) REFERENCES `users` (`id`) ON DELETE CASCADE
) ENGINE=InnoDB AUTO_INCREMENT=34 DEFAULT CHARSET=utf8mb4 COLLATE=utf8mb4_unicode_ci;

DROP TABLE IF EXISTS roles;
CREATE TABLE `roles` (
  `id` bigint(20) unsigned NOT NULL AUTO_INCREMENT,
  `name` varchar(255) COLLATE utf8mb4_unicode_ci NOT NULL,
  `guard_name` varchar(255) COLLATE utf8mb4_unicode_ci NOT NULL,
  `created_at` timestamp NULL DEFAULT NULL,
  `updated_at` timestamp NULL DEFAULT NULL,
  PRIMARY KEY (`id`)
) ENGINE=InnoDB AUTO_INCREMENT=3 DEFAULT CHARSET=utf8mb4 COLLATE=utf8mb4_unicode_ci;

DROP TABLE IF EXISTS role_has_permissions;
CREATE TABLE `role_has_permissions` (
  `permission_id` bigint(20) unsigned NOT NULL,
  `role_id` bigint(20) unsigned NOT NULL,
  PRIMARY KEY (`permission_id`,`role_id`),
  KEY `role_has_permissions_role_id_foreign` (`role_id`),
  CONSTRAINT `role_has_permissions_permission_id_foreign` FOREIGN KEY (`permission_id`) REFERENCES `permissions` (`id`) ON DELETE CASCADE,
  CONSTRAINT `role_has_permissions_role_id_foreign` FOREIGN KEY (`role_id`) REFERENCES `roles` (`id`) ON DELETE CASCADE
) ENGINE=InnoDB DEFAULT CHARSET=utf8mb4 COLLATE=utf8mb4_unicode_ci;

DROP TABLE IF EXISTS settings;
CREATE TABLE `settings` (
  `id` int(10) unsigned NOT NULL AUTO_INCREMENT,
  `key` varchar(255) COLLATE utf8mb4_unicode_ci NOT NULL,
  `value` text COLLATE utf8mb4_unicode_ci NOT NULL,
  PRIMARY KEY (`id`),
  KEY `settings_key_index` (`key`)
) ENGINE=InnoDB AUTO_INCREMENT=20 DEFAULT CHARSET=utf8mb4 COLLATE=utf8mb4_unicode_ci;

DROP TABLE IF EXISTS users;
CREATE TABLE `users` (
  `id` bigint(20) unsigned NOT NULL AUTO_INCREMENT,
  `name` varchar(255) COLLATE utf8mb4_unicode_ci NOT NULL,
  `email` varchar(255) COLLATE utf8mb4_unicode_ci NOT NULL,
  `phone_number` varchar(255) COLLATE utf8mb4_unicode_ci DEFAULT NULL,
  `profile_photo` varchar(255) COLLATE utf8mb4_unicode_ci DEFAULT NULL,
  `email_verified_at` timestamp NULL DEFAULT NULL,
  `password` varchar(255) COLLATE utf8mb4_unicode_ci NOT NULL,
  `remember_token` varchar(100) COLLATE utf8mb4_unicode_ci DEFAULT NULL,
  `created_at` timestamp NULL DEFAULT NULL,
  `updated_at` timestamp NULL DEFAULT NULL,
  `status` tinyint(1) NOT NULL DEFAULT 0,
  PRIMARY KEY (`id`),
  UNIQUE KEY `users_email_unique` (`email`)
) ENGINE=InnoDB AUTO_INCREMENT=3 DEFAULT CHARSET=utf8mb4 COLLATE=utf8mb4_unicode_ci;

INSERT INTO activity_log(id,log_name,description,subject_id,subject_type,causer_id,causer_type,properties,created_at,updated_at) VALUES(1,'user',X'63726561746564',1,'App\\User',NULL,NULL,X'7b2261747472696275746573223a207b226e616d65223a202253757065722041646d696e222c2022656d61696c223a202273757065725f61646d696e40656f722e636f6d222c2022737461747573223a20312c202270617373776f7264223a20222432792431302453702e565753365865754d4f6d534b656c334e4e2e65553769592e792f4a614272724a33543053314f6b7a4c4a4b4d466c7639686d222c202270686f6e655f6e756d626572223a206e756c6c2c202270726f66696c655f70686f746f223a206e756c6c7d7d','2021-07-20 06:33:21','2021-07-20 06:33:21'),(2,'user',X'63726561746564',2,'App\\User',NULL,NULL,X'7b2261747472696275746573223a207b226e616d65223a202255736572222c2022656d61696c223a20227573657240656f722e636f6d222c2022737461747573223a20312c202270617373776f7264223a2022243279243130244d696b64443058566f4a6d745a6251713848363873754b7234684f54324e35474f796c76714c45313241665055704f4d78566b344f222c202270686f6e655f6e756d626572223a206e756c6c2c202270726f66696c655f70686f746f223a206e756c6c7d7d','2021-07-20 06:33:22','2021-07-20 06:33:22'),(3,'projects',X'63726561746564',1,'App\\Project',NULL,NULL,X'7b2261747472696275746573223a207b22737461747573223a20312c2022757365725f6964223a20312c202270726f6a6563745f6e616d65223a202264656661756c74227d7d','2021-07-20 06:33:22','2021-07-20 06:33:22'),(4,'post',X'63726561746564',1,'App\\Post',1,'App\\User',X'7b2261747472696275746573223a207b22737461747573223a20312c2022757365725f6964223a20312c2022706f73745f626f6479223a202268747470733a2f2f6170706d6f76696c7a682e656e74656f70657261646f722e6f72673a383434332f6f70656e2d766965772f31303733322f3339386130643934383061663733336361343566643131373366353464663737222c2022706f73745f7469746c65223a20225472616e73616363696f6e657320706f72207469706f206465206f6665727461222c202270726f6a6563745f6964223a20312c202266656174757265645f696d616765223a2022626c616e6b2e706e67227d7d','2021-07-20 07:29:17','2021-07-20 07:29:17'),(5,'post',X'63726561746564',2,'App\\Post',1,'App\\User',X'7b2261747472696275746573223a207b22737461747573223a20312c2022757365725f6964223a20312c2022706f73745f626f6479223a202268747470733a2f2f6170706d6f76696c7a682e656e74656f70657261646f722e6f72673a383434332f6f70656e2d766965772f31303736392f3266346230386137393862303032623538356266326439623762393935656365222c2022706f73745f7469746c65223a20225472616e73616363696f6e657320706f72206167656e7465222c202270726f6a6563745f6964223a20312c202266656174757265645f696d616765223a2022626c616e6b2e706e67227d7d','2021-07-20 07:29:55','2021-07-20 07:29:55'),(6,'post',X'63726561746564',3,'App\\Post',1,'App\\User',X'7b2261747472696275746573223a207b22737461747573223a20312c2022757365725f6964223a20312c2022706f73745f626f6479223a202268747470733a2f2f6170706d6f76696c7a682e656e74656f70657261646f722e6f72673a383434332f6f70656e2d766965772f31303830362f6462303666363736393465663365633230656438316363646336333531613762222c2022706f73745f7469746c65223a202250726563696f204578616e74652070726f6d6564696f20706f7220c38172656120646520436f6e74726f6c222c202270726f6a6563745f6964223a20312c202266656174757265645f696d616765223a2022626c616e6b2e706e67227d7d','2021-07-20 07:30:32','2021-07-20 07:30:32'),(7,'post',X'63726561746564',4,'App\\Post',1,'App\\User',X'7b2261747472696275746573223a207b22737461747573223a20312c2022757365725f6964223a20312c2022706f73745f626f6479223a202268747470733a2f2f6170706d6f76696c7a682e656e74656f70657261646f722e6f72673a383434332f6f70656e2d766965772f31303834332f3961643939396665326330663464333763366532333832376637666433663538222c2022706f73745f7469746c65223a2022496e79656363696f6e657320792052657469726f732061c3b16f2061637475616c2076732061c3b16f20616e746572696f72222c202270726f6a6563745f6964223a20312c202266656174757265645f696d616765223a2022626c616e6b2e706e67227d7d','2021-07-20 07:31:10','2021-07-20 07:31:10'),(8,'post',X'63726561746564',5,'App\\Post',1,'App\\User',X'7b2261747472696275746573223a207b22737461747573223a20312c2022757365725f6964223a20312c2022706f73745f626f6479223a202268747470733a2f2f6170706d6f76696c7a682e656e74656f70657261646f722e6f72673a383434332f6f70656e2d766965772f31303838302f6265313762326263343237313733636236333535373037306439636538653433222c2022706f73745f7469746c65223a20224167656e746573206175746f72697a61646f732070617261207265616c697a6172207472616e73616363696f6e657320656e20656c204d4552222c202270726f6a6563745f6964223a20312c202266656174757265645f696d616765223a2022626c616e6b2e706e67227d7d','2021-07-20 07:31:42','2021-07-20 07:31:42'),(9,'post',X'63726561746564',6,'App\\Post',1,'App\\User',X'7b2261747472696275746573223a207b22737461747573223a20312c2022757365725f6964223a20312c2022706f73745f626f6479223a202268747470733a2f2f6170706d6f76696c7a682e656e74656f70657261646f722e6f72673a383434332f6f70656e2d766965772f31303931372f6435613735316332623638366634636165623736333932623762363833343839222c2022706f73745f7469746c65223a20225472616e73616363696f6e657320706f7220c3a172656120646520636f6e74726f6c222c202270726f6a6563745f6964223a20312c202266656174757265645f696d616765223a2022626c616e6b2e706e67227d7d','2021-07-20 07:32:11','2021-07-20 07:32:11'),(10,'post',X'63726561746564',7,'App\\Post',1,'App\\User',X'7b2261747472696275746573223a207b22737461747573223a20312c2022757365725f6964223a20312c2022706f73745f626f6479223a202268747470733a2f2f6170706d6f76696c7a682e656e74656f70657261646f722e6f72673a383434332f6f70656e2d766965772f31313039392f6234356330393962333065343663343164303133383035643165346238636361222c2022706f73745f7469746c65223a20224dc3a178696d6f73206465207472616e73616363696f6e6573206469617269617320646520496e7965636369c3b36e222c202270726f6a6563745f6964223a20312c202266656174757265645f696d616765223a2022626c616e6b2e706e67227d7d','2021-07-20 07:32:46','2021-07-20 07:32:46'),(11,'post',X'63726561746564',8,'App\\Post',1,'App\\User',X'7b2261747472696275746573223a207b22737461747573223a20312c2022757365725f6964223a20312c2022706f73745f626f6479223a202268747470733a2f2f6170706d6f76696c7a682e656e74656f70657261646f722e6f72673a383434332f6f70656e2d766965772f31303935352f3362336334393933333437613464333931353631323166326235643936623931222c2022706f73745f7469746c65223a2022506f74656e63696120646520445420646520496e7965636369c3b36e20792072657469726f20706f7220c38172656120646520436f6e74726f6c222c202270726f6a6563745f6964223a20312c202266656174757265645f696d616765223a2022626c616e6b2e706e67227d7d','2021-07-20 07:33:29','2021-07-20 07:33:29'),(12,'post',X'63726561746564',9,'App\\Post',1,'App\\User',X'7b2261747472696275746573223a207b22737461747573223a20312c2022757365725f6964223a20312c2022706f73745f626f6479223a202268747470733a2f2f6170706d6f76696c7a682e656e74656f70657261646f722e6f72673a383434332f6f70656e2d766965772f31303937392f3434303861636166353833383963323635666363636139333066656231363761222c2022706f73745f7469746c65223a2022456e6567c3ad612044656d616e6461646120656e20656c20534552222c202270726f6a6563745f6964223a20312c202266656174757265645f696d616765223a2022626c616e6b2e706e67227d7d','2021-07-20 07:34:09','2021-07-20 07:34:09'),(13,'post',X'63726561746564',10,'App\\Post',1,'App\\User',X'7b2261747472696275746573223a207b22737461747573223a20312c2022757365725f6964223a20312c2022706f73745f626f6479223a202268747470733a2f2f6170706d6f76696c7a682e656e74656f70657261646f722e6f72673a383434332f6f70656e2d766965772f31313030332f3962376665643838336538656132363630663334383662383739363639656338222c2022706f73745f7469746c65223a202250726563696f2070726f6d6564696f2c206dc3a178696d6f2079206d696e696d6f206578616e746520696e746572616e75616c222c202270726f6a6563745f6964223a20312c202266656174757265645f696d616765223a2022626c616e6b2e706e67227d7d','2021-07-20 07:34:50','2021-07-20 07:34:50'),(14,'post',X'63726561746564',11,'App\\Post',1,'App\\User',X'7b2261747472696275746573223a207b22737461747573223a20312c2022757365725f6964223a20312c2022706f73745f626f6479223a202268747470733a2f2f6170706d6f76696c7a682e656e74656f70657261646f722e6f72673a383434332f6f70656e2d766965772f31313032372f6638633439353666386662323231313532393061613563353765633736323364222c2022706f73745f7469746c65223a2022526573756c7461646f20646520417369676e616369c3b36e20656e74726520c3817265617320646520436f6e74726f6c222c202270726f6a6563745f6964223a20312c202266656174757265645f696d616765223a2022626c616e6b2e706e67227d7d','2021-07-20 07:35:32','2021-07-20 07:35:32'),(15,'post',X'63726561746564',12,'App\\Post',1,'App\\User',X'7b2261747472696275746573223a207b22737461747573223a20312c2022757365725f6964223a20312c2022706f73745f626f6479223a202268747470733a2f2f6170706d6f76696c7a682e656e74656f70657261646f722e6f72673a383434332f6f70656e2d766965772f31313035312f3235323363393566396466666139393939616365626163636631363034626230222c2022706f73745f7469746c65223a20224956445420706f7220417369676e616369c3b36e222c202270726f6a6563745f6964223a20312c202266656174757265645f696d616765223a2022626c616e6b2e706e67227d7d','2021-07-20 07:36:14','2021-07-20 07:36:14'),(16,'post',X'63726561746564',13,'App\\Post',1,'App\\User',X'7b2261747472696275746573223a207b22737461747573223a20312c2022757365725f6964223a20312c2022706f73745f626f6479223a202268747470733a2f2f6170706d6f76696c7a682e656e74656f70657261646f722e6f72673a383434332f6f70656e2d766965772f31313037352f6534373937636136313466623539333139633037666666393334343465373065222c2022706f73745f7469746c65223a202243616e7469646164206465204f666572656e74657320706f7220417369676e616369c3b36e222c202270726f6a6563745f6964223a20312c202266656174757265645f696d616765223a2022626c616e6b2e706e67227d7d','2021-07-20 07:36:45','2021-07-20 07:36:45'),(17,'settings',X'76696577',NULL,NULL,1,'App\\User',X'5b5d','2021-07-20 07:39:02','2021-07-20 07:39:02'),(18,'settings',X'75706461746564',NULL,NULL,1,'App\\User',X'7b225f746f6b656e223a202247523833745a726b75385a61476a3079626d3057665569664f314b72384f66774c465544724a6839222c2022636f6d70616e795f63697479223a202253616e2053616c7661646f72222c2022636f6d70616e795f6c6f676f223a20222f66696c65732f312f454f52204c4f474f5f49736f2d46435f38303070782e706e67222c2022636f6d70616e795f6e616d65223a2022454f52222c202264656661756c745f726f6c65223a202232222c2022636f6d70616e795f656d61696c223a20227a6f686f40656d61696c2e636f6d222c2022636f6d70616e795f70686f6e65223a20222b3530333233343536373832222c20226c6f636b6f75745f64656c6179223a202232222c2022636f6d70616e795f61646472657373223a202253616e2053616c7661646f72222c20227265636f72645f7065725f70616765223a20223135222c20226d61785f6c6f67696e5f617474656d707473223a202233222c2022636f6d70616e795f63757272656e63795f73796d626f6c223a202224222c202272656769737465725f6e6f74696669636174696f6e5f656d61696c223a202230227d','2021-07-20 07:40:29','2021-07-20 07:40:29'),(19,'settings',X'76696577',NULL,NULL,1,'App\\User',X'5b5d','2021-07-20 07:40:29','2021-07-20 07:40:29'),(20,'post',X'63726561746564',14,'App\\Post',1,'App\\User',X'7b2261747472696275746573223a207b22737461747573223a20312c2022757365725f6964223a20312c2022706f73745f626f6479223a202268747470733a2f2f6563322d33342d3139352d3130392d3135352e636f6d707574652d312e616d617a6f6e6177732e636f6d2f656f726b70692f6170692f696e64696361646f72312d31222c2022706f73745f7469746c65223a202247656e6572616369c3b36e20792044656d616e646120646520706f74656e63696120726567696f6e616c20656e207469656d706f207265616c222c202270726f6a6563745f6964223a20312c202266656174757265645f696d616765223a2022626c616e6b2e706e67227d7d','2021-07-20 07:57:45','2021-07-20 07:57:45'),(21,'post',X'63726561746564',15,'App\\Post',1,'App\\User',X'7b2261747472696275746573223a207b22737461747573223a20312c2022757365725f6964223a20312c2022706f73745f626f6479223a202268747470733a2f2f6563322d33342d3139352d3130392d3135352e636f6d707574652d312e616d617a6f6e6177732e636f6d2f656f726b70692f6170692f696e64696361646f7231222c2022706f73745f7469746c65223a202247656e6572616369c3b36e20792044656d616e646120646520706f74656e63696120726567696f6e616c20656e207469656d706f207265616c222c202270726f6a6563745f6964223a20312c202266656174757265645f696d616765223a2022626c616e6b2e706e67227d7d','2021-07-20 08:01:11','2021-07-20 08:01:11'),(22,'post',X'63726561746564',16,'App\\Post',1,'App\\User',X'7b2261747472696275746573223a207b22737461747573223a20312c2022757365725f6964223a20312c2022706f73745f626f6479223a202268747470733a2f2f6563322d33342d3139352d3130392d3135352e636f6d707574652d312e616d617a6f6e6177732e636f6d2f656f726b70692f6170692f696e64696361646f7231222c2022706f73745f7469746c65223a202247656e6572616369c3b36e20792044656d616e646120646520706f74656e63696120726567696f6e616c20656e207469656d706f207265616c202028436f6e7429222c202270726f6a6563745f6964223a20312c202266656174757265645f696d616765223a2022626c616e6b2e706e67227d7d','2021-07-20 08:01:33','2021-07-20 08:01:33'),(23,'post',X'63726561746564',17,'App\\Post',1,'App\\User',X'7b2261747472696275746573223a207b22737461747573223a20312c2022757365725f6964223a20312c2022706f73745f626f6479223a202268747470733a2f2f6563322d33342d3139352d3130392d3135352e636f6d707574652d312e616d617a6f6e6177732e636f6d2f656f726b70692f6170692f696e64696361646f7232222c2022706f73745f7469746c65223a2022466c756a6f7320726567696f6e616c657320646520706f74656e63696120656e207469656d706f207265616c222c202270726f6a6563745f6964223a20312c202266656174757265645f696d616765223a2022626c616e6b2e706e67227d7d','2021-07-20 08:15:10','2021-07-20 08:15:10'),(24,'post',X'75706461746564',1,'App\\Post',1,'App\\User',X'7b226f6c64223a207b22706f73745f626f6479223a202268747470733a2f2f6170706d6f76696c7a682e656e74656f70657261646f722e6f72673a383434332f6f70656e2d766965772f31303733322f3339386130643934383061663733336361343566643131373366353464663737227d2c202261747472696275746573223a207b22706f73745f626f6479223a202268747470733a2f2f6170706d6f76696c7a682e656e74656f70657261646f722e6f72673a383434332f6f70656e2d766965772f31313136342f3231303062643836663134306662653138336661353130333030346563373738227d7d','2021-07-20 17:00:16','2021-07-20 17:00:16'),(25,'post',X'75706461746564',2,'App\\Post',1,'App\\User',X'7b226f6c64223a207b22706f73745f626f6479223a202268747470733a2f2f6170706d6f76696c7a682e656e74656f70657261646f722e6f72673a383434332f6f70656e2d766965772f31303736392f3266346230386137393862303032623538356266326439623762393935656365227d2c202261747472696275746573223a207b22706f73745f626f6479223a202268747470733a2f2f6170706d6f76696c7a682e656e74656f70657261646f722e6f72673a383434332f6f70656e2d766965772f31313136312f3038316538643435386532636663316361376666303332613030616465643936227d7d','2021-07-20 17:00:38','2021-07-20 17:00:38'),(26,'post',X'75706461746564',3,'App\\Post',1,'App\\User',X'7b226f6c64223a207b22706f73745f626f6479223a202268747470733a2f2f6170706d6f76696c7a682e656e74656f70657261646f722e6f72673a383434332f6f70656e2d766965772f31303830362f6462303666363736393465663365633230656438316363646336333531613762227d2c202261747472696275746573223a207b22706f73745f626f6479223a202268747470733a2f2f6170706d6f76696c7a682e656e74656f70657261646f722e6f72673a383434332f6f70656e2d766965772f31313136372f6236323436356235663035666539353834303133643231653730656266386135227d7d','2021-07-20 17:01:06','2021-07-20 17:01:06'),(27,'post',X'75706461746564',4,'App\\Post',1,'App\\User',X'7b226f6c64223a207b22706f73745f626f6479223a202268747470733a2f2f6170706d6f76696c7a682e656e74656f70657261646f722e6f72673a383434332f6f70656e2d766965772f31303834332f3961643939396665326330663464333763366532333832376637666433663538227d2c202261747472696275746573223a207b22706f73745f626f6479223a202268747470733a2f2f6170706d6f76696c7a682e656e74656f70657261646f722e6f72673a383434332f6f70656e2d766965772f31313137302f3135643663666439396661303236386639616232343230373461393530636539227d7d','2021-07-20 17:01:43','2021-07-20 17:01:43'),(28,'post',X'75706461746564',6,'App\\Post',1,'App\\User',X'7b226f6c64223a207b22706f73745f626f6479223a202268747470733a2f2f6170706d6f76696c7a682e656e74656f70657261646f722e6f72673a383434332f6f70656e2d766965772f31303931372f6435613735316332623638366634636165623736333932623762363833343839227d2c202261747472696275746573223a207b22706f73745f626f6479223a202268747470733a2f2f6170706d6f76696c7a682e656e74656f70657261646f722e6f72673a383434332f6f70656e2d766965772f31313137332f3931376531636431343762353763643064393933356365346139346164323635227d7d','2021-07-20 17:02:13','2021-07-20 17:02:13'),(29,'post',X'75706461746564',5,'App\\Post',1,'App\\User',X'7b226f6c64223a207b22706f73745f626f6479223a202268747470733a2f2f6170706d6f76696c7a682e656e74656f70657261646f722e6f72673a383434332f6f70656e2d766965772f31303838302f6265313762326263343237313733636236333535373037306439636538653433227d2c202261747472696275746573223a207b22706f73745f626f6479223a202268747470733a2f2f6170706d6f76696c7a682e656e74656f70657261646f722e6f72673a383434332f6f70656e2d766965772f31313137332f3931376531636431343762353763643064393933356365346139346164323635227d7d','2021-07-20 17:05:10','2021-07-20 17:05:10'),(30,'post',X'75706461746564',6,'App\\Post',1,'App\\User',X'7b226f6c64223a207b22706f73745f626f6479223a202268747470733a2f2f6170706d6f76696c7a682e656e74656f70657261646f722e6f72673a383434332f6f70656e2d766965772f31313137332f3931376531636431343762353763643064393933356365346139346164323635227d2c202261747472696275746573223a207b22706f73745f626f6479223a202268747470733a2f2f6170706d6f76696c7a682e656e74656f70657261646f722e6f72673a383434332f6f70656e2d766965772f31313137362f6631343465383038393530363130613962616435303835336634643032653130227d7d','2021-07-20 17:05:35','2021-07-20 17:05:35'),(31,'post',X'75706461746564',7,'App\\Post',1,'App\\User',X'7b226f6c64223a207b22706f73745f626f6479223a202268747470733a2f2f6170706d6f76696c7a682e656e74656f70657261646f722e6f72673a383434332f6f70656e2d766965772f31313039392f6234356330393962333065343663343164303133383035643165346238636361227d2c202261747472696275746573223a207b22706f73745f626f6479223a202268747470733a2f2f6170706d6f76696c7a682e656e74656f70657261646f722e6f72673a383434332f6f70656e2d766965772f31313137392f3463616239636361613830393138316235373336383031313834653938303238227d7d','2021-07-20 17:08:02','2021-07-20 17:08:02'),(32,'post',X'75706461746564',8,'App\\Post',1,'App\\User',X'7b226f6c64223a207b22706f73745f626f6479223a202268747470733a2f2f6170706d6f76696c7a682e656e74656f70657261646f722e6f72673a383434332f6f70656e2d766965772f31303935352f3362336334393933333437613464333931353631323166326235643936623931227d2c202261747472696275746573223a207b22706f73745f626f6479223a202268747470733a2f2f6170706d6f76696c7a682e656e74656f70657261646f722e6f72673a383434332f6f70656e2d766965772f31313138322f3261376466313062653635313036633032383738653035613562623733323235227d7d','2021-07-20 17:08:38','2021-07-20 17:08:38'),(33,'post',X'75706461746564',9,'App\\Post',1,'App\\User',X'7b226f6c64223a207b22706f73745f626f6479223a202268747470733a2f2f6170706d6f76696c7a682e656e74656f70657261646f722e6f72673a383434332f6f70656e2d766965772f31303937392f3434303861636166353833383963323635666363636139333066656231363761227d2c202261747472696275746573223a207b22706f73745f626f6479223a202268747470733a2f2f6170706d6f76696c7a682e656e74656f70657261646f722e6f72673a383434332f6f70656e2d766965772f31313133382f6235633934623132326563326530383734386237383261303966616261636161227d7d','2021-07-20 17:10:03','2021-07-20 17:10:03'),(34,'post',X'75706461746564',10,'App\\Post',1,'App\\User',X'7b226f6c64223a207b22706f73745f626f6479223a202268747470733a2f2f6170706d6f76696c7a682e656e74656f70657261646f722e6f72673a383434332f6f70656e2d766965772f31313030332f3962376665643838336538656132363630663334383662383739363639656338227d2c202261747472696275746573223a207b22706f73745f626f6479223a202268747470733a2f2f6170706d6f76696c7a682e656e74656f70657261646f722e6f72673a383434332f6f70656e2d766965772f31313139312f3761366639333361616538373162346438393561623262316135656361613039227d7d','2021-07-20 17:22:22','2021-07-20 17:22:22'),(35,'post',X'75706461746564',11,'App\\Post',1,'App\\User',X'7b226f6c64223a207b22706f73745f626f6479223a202268747470733a2f2f6170706d6f76696c7a682e656e74656f70657261646f722e6f72673a383434332f6f70656e2d766965772f31313032372f6638633439353666386662323231313532393061613563353765633736323364227d2c202261747472696275746573223a207b22706f73745f626f6479223a202268747470733a2f2f6170706d6f76696c7a682e656e74656f70657261646f722e6f72673a383434332f6f70656e2d766965772f31313139382f3366663038363831666432336139383338386461666662373637356162663862227d7d','2021-07-20 17:22:56','2021-07-20 17:22:56'),(36,'projects',X'75706461746564',1,'App\\Project',1,'App\\User',X'7b226f6c64223a207b2270726f6a6563745f6e616d65223a202264656661756c74227d2c202261747472696275746573223a207b2270726f6a6563745f6e616d65223a20224b504920454f52227d7d','2021-07-20 17:24:27','2021-07-20 17:24:27'),(37,'post',X'75706461746564',12,'App\\Post',1,'App\\User',X'7b226f6c64223a207b22706f73745f626f6479223a202268747470733a2f2f6170706d6f76696c7a682e656e74656f70657261646f722e6f72673a383434332f6f70656e2d766965772f31313035312f3235323363393566396466666139393939616365626163636631363034626230227d2c202261747472696275746573223a207b22706f73745f626f6479223a202268747470733a2f2f6170706d6f76696c7a682e656e74656f70657261646f722e6f72673a383434332f6f70656e2d766965772f31313230322f6337373064393138353735363433616163373830633635333439363566303463227d7d','2021-07-20 17:26:49','2021-07-20 17:26:49'),(38,'post',X'75706461746564',13,'App\\Post',1,'App\\User',X'7b226f6c64223a207b22706f73745f626f6479223a202268747470733a2f2f6170706d6f76696c7a682e656e74656f70657261646f722e6f72673a383434332f6f70656e2d766965772f31313037352f6534373937636136313466623539333139633037666666393334343465373065227d2c202261747472696275746573223a207b22706f73745f626f6479223a202268747470733a2f2f6170706d6f76696c7a682e656e74656f70657261646f722e6f72673a383434332f6f70656e2d766965772f31313230352f3931643436643562353962386465656161656636363766313862323831646333227d7d','2021-07-20 17:28:02','2021-07-20 17:28:02'),(39,'settings',X'76696577',NULL,NULL,1,'App\\User',X'5b5d','2021-07-21 01:40:01','2021-07-21 01:40:01'),(40,'settings',X'76696577',NULL,NULL,1,'App\\User',X'5b5d','2021-07-21 02:41:41','2021-07-21 02:41:41'),(41,'projects',X'63726561746564',2,'App\\Project',1,'App\\User',X'7b2261747472696275746573223a207b22737461747573223a20312c2022757365725f6964223a20312c202270726f6a6563745f6e616d65223a20223c68313e4647543c2f68313e227d7d','2021-07-21 02:43:22','2021-07-21 02:43:22'),(42,'projects',X'64656c65746564',2,'App\\Project',1,'App\\User',X'7b2261747472696275746573223a207b22737461747573223a20312c2022757365725f6964223a20312c202270726f6a6563745f6e616d65223a20223c68313e4647543c2f68313e227d7d','2021-07-21 02:44:23','2021-07-21 02:44:23'),(43,'settings',X'76696577',NULL,NULL,1,'App\\User',X'5b5d','2021-07-24 23:08:51','2021-07-24 23:08:51'),(44,'post',X'75706461746564',14,'App\\Post',1,'App\\User',X'7b2261747472696275746573223a7b22706f73745f626f6479223a2268747470733a5c2f5c2f6170706d6f76696c7a682e656e74656f70657261646f722e6f72675c2f656f726b70695c2f696e6465782e7068705c2f6170695c2f696e64696361646f72312d31227d2c226f6c64223a7b22706f73745f626f6479223a2268747470733a5c2f5c2f6563322d33342d3139352d3130392d3135352e636f6d707574652d312e616d617a6f6e6177732e636f6d5c2f656f726b70695c2f6170695c2f696e64696361646f72312d31227d7d','2021-07-25 00:39:02','2021-07-25 00:39:02'),(45,'post',X'75706461746564',15,'App\\Post',1,'App\\User',X'7b2261747472696275746573223a7b22706f73745f626f6479223a2268747470733a5c2f5c2f6170706d6f76696c7a682e656e74656f70657261646f722e6f72675c2f656f726b70695c2f696e6465782e7068705c2f6170695c2f696e64696361646f7231227d2c226f6c64223a7b22706f73745f626f6479223a2268747470733a5c2f5c2f6563322d33342d3139352d3130392d3135352e636f6d707574652d312e616d617a6f6e6177732e636f6d5c2f656f726b70695c2f6170695c2f696e64696361646f7231227d7d','2021-07-25 00:40:22','2021-07-25 00:40:22'),(46,'settings',X'76696577',NULL,NULL,1,'App\\User',X'5b5d','2021-07-26 22:39:03','2021-07-26 22:39:03'),(47,'projects',X'75706461746564',1,'App\\Project',1,'App\\User',X'7b2261747472696275746573223a7b2270726f6a6563745f6e616d65223a224b504920454f525f227d2c226f6c64223a7b2270726f6a6563745f6e616d65223a224b504920454f52227d7d','2021-07-27 00:00:05','2021-07-27 00:00:05'),(48,'projects',X'75706461746564',1,'App\\Project',1,'App\\User',X'7b2261747472696275746573223a7b2270726f6a6563745f6e616d65223a224b504920454f52227d2c226f6c64223a7b2270726f6a6563745f6e616d65223a224b504920454f525f227d7d','2021-07-27 00:00:12','2021-07-27 00:00:12'),(49,'settings',X'76696577',NULL,NULL,1,'App\\User',X'5b5d','2021-07-27 00:06:50','2021-07-27 00:06:50'),(50,'settings',X'76696577',NULL,NULL,1,'App\\User',X'5b5d','2021-07-27 00:23:23','2021-07-27 00:23:23'),(51,'post',X'75706461746564',2,'App\\Post',1,'App\\User',X'7b2261747472696275746573223a7b22706f73745f626f6479223a2268747470733a5c2f5c2f6170706d6f76696c7a682e656e74656f70657261646f722e6f72673a383434335c2f6f70656e2d766965775c2f31313136345c2f3231303062643836663134306662653138336661353130333030346563373738227d2c226f6c64223a7b22706f73745f626f6479223a2268747470733a5c2f5c2f6170706d6f76696c7a682e656e74656f70657261646f722e6f72673a383434335c2f6f70656e2d766965775c2f31313136315c2f3038316538643435386532636663316361376666303332613030616465643936227d7d','2021-07-27 02:33:24','2021-07-27 02:33:24'),(52,'post',X'75706461746564',5,'App\\Post',1,'App\\User',X'7b2261747472696275746573223a7b22706f73745f626f6479223a2268747470733a5c2f5c2f6170706d6f76696c7a682e656e74656f70657261646f722e6f72673a383434335c2f6f70656e2d766965775c2f31313137335c2f6637636639666234663639666164633135346335663462356534383733623832227d2c226f6c64223a7b22706f73745f626f6479223a2268747470733a5c2f5c2f6170706d6f76696c7a682e656e74656f70657261646f722e6f72673a383434335c2f6f70656e2d766965775c2f31313137335c2f3931376531636431343762353763643064393933356365346139346164323635227d7d','2021-07-27 04:02:43','2021-07-27 04:02:43'),(53,'post',X'75706461746564',13,'App\\Post',1,'App\\User',X'7b2261747472696275746573223a7b22706f73745f626f6479223a2268747470733a5c2f5c2f6170706d6f76696c7a682e656e74656f70657261646f722e6f72673a383434335c2f6f70656e2d766965775c2f31313230355c2f6630336163373230343864613765393461323639643666326432363338303733227d2c226f6c64223a7b22706f73745f626f6479223a2268747470733a5c2f5c2f6170706d6f76696c7a682e656e74656f70657261646f722e6f72673a383434335c2f6f70656e2d766965775c2f31313230355c2f3931643436643562353962386465656161656636363766313862323831646333227d7d','2021-07-27 04:05:01','2021-07-27 04:05:01'),(54,'post',X'75706461746564',2,'App\\Post',1,'App\\User',X'7b2261747472696275746573223a7b22706f73745f626f6479223a2268747470733a5c2f5c2f6170706d6f76696c7a682e656e74656f70657261646f722e6f72673a383434335c2f6f70656e2d766965775c2f31313136315c2f6533386261363539323163306235303333346235613734376438353436376535227d2c226f6c64223a7b22706f73745f626f6479223a2268747470733a5c2f5c2f6170706d6f76696c7a682e656e74656f70657261646f722e6f72673a383434335c2f6f70656e2d766965775c2f31313136345c2f3231303062643836663134306662653138336661353130333030346563373738227d7d','2021-07-27 07:31:51','2021-07-27 07:31:51'),(55,'post',X'75706461746564',3,'App\\Post',1,'App\\User',X'7b2261747472696275746573223a7b22706f73745f626f6479223a223c696672616d65206672616d65626f726465723d302077696474683d5c223830305c22206865696768743d5c223630305c22207372633d5c2268747470733a5c2f5c2f6170706d6f76696c7a682e656e74656f70657261646f722e6f72673a383434335c2f6f70656e2d766965775c2f31313136375c2f62363234363562356630356665393538343031336432316537306562663861355c223e3c5c2f696672616d653e227d2c226f6c64223a7b22706f73745f626f6479223a2268747470733a5c2f5c2f6170706d6f76696c7a682e656e74656f70657261646f722e6f72673a383434335c2f6f70656e2d766965775c2f31313136375c2f6236323436356235663035666539353834303133643231653730656266386135227d7d','2021-07-27 08:28:15','2021-07-27 08:28:15'),(56,'post',X'75706461746564',3,'App\\Post',1,'App\\User',X'7b2261747472696275746573223a7b22706f73745f626f6479223a2268747470733a5c2f5c2f6170706d6f76696c7a682e656e74656f70657261646f722e6f72673a383434335c2f6f70656e2d766965775c2f31313136375c2f6236323436356235663035666539353834303133643231653730656266386135227d2c226f6c64223a7b22706f73745f626f6479223a223c696672616d65206672616d65626f726465723d302077696474683d5c223830305c22206865696768743d5c223630305c22207372633d5c2268747470733a5c2f5c2f6170706d6f76696c7a682e656e74656f70657261646f722e6f72673a383434335c2f6f70656e2d766965775c2f31313136375c2f62363234363562356630356665393538343031336432316537306562663861355c223e3c5c2f696672616d653e227d7d','2021-07-27 08:29:06','2021-07-27 08:29:06'),(57,'post',X'75706461746564',3,'App\\Post',1,'App\\User',X'7b2261747472696275746573223a7b22706f73745f626f6479223a223c696672616d65206672616d65626f726465723d302077696474683d5c223830305c22206865696768743d5c223630305c22207372633d5c2268747470733a5c2f5c2f6170706d6f76696c7a682e656e74656f70657261646f722e6f72673a383434335c2f6f70656e2d766965775c2f31313136375c223e3c5c2f696672616d653e227d2c226f6c64223a7b22706f73745f626f6479223a2268747470733a5c2f5c2f6170706d6f76696c7a682e656e74656f70657261646f722e6f72673a383434335c2f6f70656e2d766965775c2f31313136375c2f6236323436356235663035666539353834303133643231653730656266386135227d7d','2021-07-27 08:41:52','2021-07-27 08:41:52'),(58,'post',X'75706461746564',3,'App\\Post',1,'App\\User',X'7b2261747472696275746573223a7b22706f73745f626f6479223a223c696672616d65206672616d65626f726465723d302077696474683d5c223830305c22206865696768743d5c223630305c22207372633d5c2268747470733a5c2f5c2f6170706d6f76696c7a682e656e74656f70657261646f722e6f72673a383434335c2f6f70656e2d766965775c2f31313136375c2f62363234363562356630356665393538343031336432316537306562663861355c223e3c5c2f696672616d653e227d2c226f6c64223a7b22706f73745f626f6479223a223c696672616d65206672616d65626f726465723d302077696474683d5c223830305c22206865696768743d5c223630305c22207372633d5c2268747470733a5c2f5c2f6170706d6f76696c7a682e656e74656f70657261646f722e6f72673a383434335c2f6f70656e2d766965775c2f31313136375c223e3c5c2f696672616d653e227d7d','2021-07-27 08:43:12','2021-07-27 08:43:12'),(59,'post',X'75706461746564',3,'App\\Post',1,'App\\User',X'7b2261747472696275746573223a7b22706f73745f626f6479223a2268747470733a5c2f5c2f6170706d6f76696c7a682e656e74656f70657261646f722e6f72673a383434335c2f6f70656e2d766965775c2f31313136375c2f6236323436356235663035666539353834303133643231653730656266386135227d2c226f6c64223a7b22706f73745f626f6479223a223c696672616d65206672616d65626f726465723d302077696474683d5c223830305c22206865696768743d5c223630305c22207372633d5c2268747470733a5c2f5c2f6170706d6f76696c7a682e656e74656f70657261646f722e6f72673a383434335c2f6f70656e2d766965775c2f31313136375c2f62363234363562356630356665393538343031336432316537306562663861355c223e3c5c2f696672616d653e227d7d','2021-07-27 08:46:05','2021-07-27 08:46:05'),(60,'user',X'75706461746564',2,'App\\User',2,'App\\User',X'7b2261747472696275746573223a5b5d2c226f6c64223a5b5d7d','2021-07-27 10:19:52','2021-07-27 10:19:52'),(61,'user',X'75706461746564',2,'App\\User',2,'App\\User',X'7b2261747472696275746573223a5b5d2c226f6c64223a5b5d7d','2021-07-27 11:03:50','2021-07-27 11:03:50'),(62,'user',X'75706461746564',2,'App\\User',2,'App\\User',X'7b2261747472696275746573223a5b5d2c226f6c64223a5b5d7d','2021-07-28 02:51:51','2021-07-28 02:51:51'),(63,'user',X'75706461746564',2,'App\\User',2,'App\\User',X'7b2261747472696275746573223a5b5d2c226f6c64223a5b5d7d','2021-07-28 02:51:54','2021-07-28 02:51:54'),(64,'user',X'75706461746564',2,'App\\User',2,'App\\User',X'7b2261747472696275746573223a5b5d2c226f6c64223a5b5d7d','2021-07-28 03:01:16','2021-07-28 03:01:16'),(65,'user',X'75706461746564',2,'App\\User',2,'App\\User',X'7b2261747472696275746573223a5b5d2c226f6c64223a5b5d7d','2021-07-28 03:01:28','2021-07-28 03:01:28'),(66,'user',X'75706461746564',2,'App\\User',2,'App\\User',X'7b2261747472696275746573223a5b5d2c226f6c64223a5b5d7d','2021-07-28 09:29:32','2021-07-28 09:29:32'),(67,'post',X'75706461746564',5,'App\\Post',1,'App\\User',X'7b2261747472696275746573223a7b22706f73745f626f6479223a2268747470733a5c2f5c2f6170706d6f76696c7a682e656e74656f70657261646f722e6f72673a383434335c2f6f70656e2d766965775c2f31313535305c2f3162643337366436383230653966353733616130306430663539366638343464227d2c226f6c64223a7b22706f73745f626f6479223a2268747470733a5c2f5c2f6170706d6f76696c7a682e656e74656f70657261646f722e6f72673a383434335c2f6f70656e2d766965775c2f31313137335c2f6637636639666234663639666164633135346335663462356534383733623832227d7d','2021-07-28 09:44:24','2021-07-28 09:44:24'),(68,'post',X'75706461746564',1,'App\\Post',1,'App\\User',X'7b2261747472696275746573223a7b22706f73745f626f6479223a2268747470733a5c2f5c2f6170706d6f76696c7a682e656e74656f70657261646f722e6f72673a383434335c2f6f70656e2d766965775c2f31313631335c2f3038613538386162376562656366313739373731653039613166373130663939227d2c226f6c64223a7b22706f73745f626f6479223a2268747470733a5c2f5c2f6170706d6f76696c7a682e656e74656f70657261646f722e6f72673a383434335c2f6f70656e2d766965775c2f31313136345c2f3231303062643836663134306662653138336661353130333030346563373738227d7d','2021-07-28 19:23:12','2021-07-28 19:23:12'),(69,'post',X'75706461746564',2,'App\\Post',1,'App\\User',X'7b2261747472696275746573223a7b22706f73745f7469746c65223a225472616e73616363696f6e657320706f72204167656e7465222c22706f73745f626f6479223a2268747470733a5c2f5c2f6170706d6f76696c7a682e656e74656f70657261646f722e6f72673a383434335c2f6f70656e2d766965775c2f31313635335c2f3536306566326231653034623436316332626462326566386261396330663665227d2c226f6c64223a7b22706f73745f7469746c65223a225472616e73616363696f6e657320706f72206167656e7465222c22706f73745f626f6479223a2268747470733a5c2f5c2f6170706d6f76696c7a682e656e74656f70657261646f722e6f72673a383434335c2f6f70656e2d766965775c2f31313136315c2f6533386261363539323163306235303333346235613734376438353436376535227d7d','2021-07-28 19:23:58','2021-07-28 19:23:58'),(70,'post',X'75706461746564',3,'App\\Post',1,'App\\User',X'7b2261747472696275746573223a7b22706f73745f626f6479223a2268747470733a5c2f5c2f6170706d6f76696c7a682e656e74656f70657261646f722e6f72673a383434335c2f6f70656e2d766965775c2f31313936305c2f3733376338366238666463386466333464393138316230636138343131343034227d2c226f6c64223a7b22706f73745f626f6479223a2268747470733a5c2f5c2f6170706d6f76696c7a682e656e74656f70657261646f722e6f72673a383434335c2f6f70656e2d766965775c2f31313136375c2f6236323436356235663035666539353834303133643231653730656266386135227d7d','2021-07-28 19:24:53','2021-07-28 19:24:53'),(71,'post',X'75706461746564',4,'App\\Post',1,'App\\User',X'7b2261747472696275746573223a7b22706f73745f626f6479223a2268747470733a5c2f5c2f6170706d6f76696c7a682e656e74656f70657261646f722e6f72673a383434335c2f6f70656e2d766965775c2f31323133355c2f3330363366663861373939376136326266313130303535333435666637346165227d2c226f6c64223a7b22706f73745f626f6479223a2268747470733a5c2f5c2f6170706d6f76696c7a682e656e74656f70657261646f722e6f72673a383434335c2f6f70656e2d766965775c2f31313137305c2f3135643663666439396661303236386639616232343230373461393530636539227d7d','2021-07-28 19:25:39','2021-07-28 19:25:39'),(72,'post',X'75706461746564',6,'App\\Post',1,'App\\User',X'7b2261747472696275746573223a7b22706f73745f626f6479223a2268747470733a5c2f5c2f6170706d6f76696c7a682e656e74656f70657261646f722e6f72673a383434335c2f6f70656e2d766965775c2f31313637335c2f3332363163393961636462653061663261306635666139303735656333343665227d2c226f6c64223a7b22706f73745f626f6479223a2268747470733a5c2f5c2f6170706d6f76696c7a682e656e74656f70657261646f722e6f72673a383434335c2f6f70656e2d766965775c2f31313137365c2f6631343465383038393530363130613962616435303835336634643032653130227d7d','2021-07-28 19:27:15','2021-07-28 19:27:15'),(73,'post',X'75706461746564',7,'App\\Post',1,'App\\User',X'7b2261747472696275746573223a7b22706f73745f626f6479223a2268747470733a5c2f5c2f6170706d6f76696c7a682e656e74656f70657261646f722e6f72673a383434335c2f6f70656e2d766965775c2f31313730375c2f3337643935383734626131653937356135633130306361376639343237346134227d2c226f6c64223a7b22706f73745f626f6479223a2268747470733a5c2f5c2f6170706d6f76696c7a682e656e74656f70657261646f722e6f72673a383434335c2f6f70656e2d766965775c2f31313137395c2f3463616239636361613830393138316235373336383031313834653938303238227d7d','2021-07-28 19:27:35','2021-07-28 19:27:35'),(74,'post',X'75706461746564',8,'App\\Post',1,'App\\User',X'7b2261747472696275746573223a7b22706f73745f626f6479223a2268747470733a5c2f5c2f6170706d6f76696c7a682e656e74656f70657261646f722e6f72673a383434335c2f6f70656e2d766965775c2f31313734375c2f3031373562666161613038346232656139303339363266356430663034623465227d2c226f6c64223a7b22706f73745f626f6479223a2268747470733a5c2f5c2f6170706d6f76696c7a682e656e74656f70657261646f722e6f72673a383434335c2f6f70656e2d766965775c2f31313138325c2f3261376466313062653635313036633032383738653035613562623733323235227d7d','2021-07-28 19:28:11','2021-07-28 19:28:11'),(75,'post',X'75706461746564',9,'App\\Post',1,'App\\User',X'7b2261747472696275746573223a7b22706f73745f626f6479223a2268747470733a5c2f5c2f6170706d6f76696c7a682e656e74656f70657261646f722e6f72673a383434335c2f6f70656e2d766965775c2f31313634335c2f3266626137613536323131366165333065663163663033303763336366303466227d2c226f6c64223a7b22706f73745f626f6479223a2268747470733a5c2f5c2f6170706d6f76696c7a682e656e74656f70657261646f722e6f72673a383434335c2f6f70656e2d766965775c2f31313133385c2f6235633934623132326563326530383734386237383261303966616261636161227d7d','2021-07-28 19:28:27','2021-07-28 19:28:27'),(76,'post',X'75706461746564',10,'App\\Post',1,'App\\User',X'7b2261747472696275746573223a7b22706f73745f626f6479223a2268747470733a5c2f5c2f6170706d6f76696c7a682e656e74656f70657261646f722e6f72673a383434335c2f6f70656e2d766965775c2f31313734395c2f6636393432363961316632643434386134386130393836383835346337613034227d2c226f6c64223a7b22706f73745f626f6479223a2268747470733a5c2f5c2f6170706d6f76696c7a682e656e74656f70657261646f722e6f72673a383434335c2f6f70656e2d766965775c2f31313139315c2f3761366639333361616538373162346438393561623262316135656361613039227d7d','2021-07-28 19:28:51','2021-07-28 19:28:51'),(77,'post',X'75706461746564',11,'App\\Post',1,'App\\User',X'7b2261747472696275746573223a7b22706f73745f626f6479223a2268747470733a5c2f5c2f6170706d6f76696c7a682e656e74656f70657261646f722e6f72673a383434335c2f6f70656e2d766965775c2f31313738305c2f3533356634633063393637386635353335323961343639363533363263656666227d2c226f6c64223a7b22706f73745f626f6479223a2268747470733a5c2f5c2f6170706d6f76696c7a682e656e74656f70657261646f722e6f72673a383434335c2f6f70656e2d766965775c2f31313139385c2f3366663038363831666432336139383338386461666662373637356162663862227d7d','2021-07-28 19:29:25','2021-07-28 19:29:25'),(78,'post',X'75706461746564',12,'App\\Post',1,'App\\User',X'7b2261747472696275746573223a7b22706f73745f626f6479223a2268747470733a5c2f5c2f6170706d6f76696c7a682e656e74656f70657261646f722e6f72673a383434335c2f6f70656e2d766965775c2f31313633335c2f3630303835333135323432303639626638613933326337636530626563373866227d2c226f6c64223a7b22706f73745f626f6479223a2268747470733a5c2f5c2f6170706d6f76696c7a682e656e74656f70657261646f722e6f72673a383434335c2f6f70656e2d766965775c2f31313230325c2f6337373064393138353735363433616163373830633635333439363566303463227d7d','2021-07-28 19:29:42','2021-07-28 19:29:42'),(79,'post',X'75706461746564',13,'App\\Post',1,'App\\User',X'7b2261747472696275746573223a7b22706f73745f626f6479223a2268747470733a5c2f5c2f6170706d6f76696c7a682e656e74656f70657261646f722e6f72673a383434335c2f6f70656e2d766965775c2f31313632335c2f3462366239626131643437353765643035653762643236386339343266313230227d2c226f6c64223a7b22706f73745f626f6479223a2268747470733a5c2f5c2f6170706d6f76696c7a682e656e74656f70657261646f722e6f72673a383434335c2f6f70656e2d766965775c2f31313230355c2f6630336163373230343864613765393461323639643666326432363338303733227d7d','2021-07-28 19:30:04','2021-07-28 19:30:04'),(80,'user',X'75706461746564',2,'App\\User',2,'App\\User',X'7b2261747472696275746573223a5b5d2c226f6c64223a5b5d7d','2021-07-29 05:41:12','2021-07-29 05:41:12'),(81,'user',X'75706461746564',2,'App\\User',2,'App\\User',X'7b2261747472696275746573223a5b5d2c226f6c64223a5b5d7d','2021-07-29 22:43:56','2021-07-29 22:43:56'),(82,'user',X'75706461746564',2,'App\\User',2,'App\\User',X'7b2261747472696275746573223a5b5d2c226f6c64223a5b5d7d','2021-07-29 22:44:22','2021-07-29 22:44:22'),(83,'user',X'75706461746564',2,'App\\User',2,'App\\User',X'7b2261747472696275746573223a5b5d2c226f6c64223a5b5d7d','2021-07-31 01:01:31','2021-07-31 01:01:31'),(84,'user',X'75706461746564',2,'App\\User',2,'App\\User',X'7b2261747472696275746573223a5b5d2c226f6c64223a5b5d7d','2021-07-31 06:00:13','2021-07-31 06:00:13'),(85,'user',X'75706461746564',2,'App\\User',2,'App\\User',X'7b2261747472696275746573223a5b5d2c226f6c64223a5b5d7d','2021-08-01 11:13:28','2021-08-01 11:13:28'),(86,'settings',X'76696577',NULL,NULL,1,'App\\User',X'5b5d','2021-08-01 11:24:43','2021-08-01 11:24:43'),(87,'user',X'75706461746564',2,'App\\User',2,'App\\User',X'7b2261747472696275746573223a5b5d2c226f6c64223a5b5d7d','2021-08-03 05:56:39','2021-08-03 05:56:39'),(88,'user',X'75706461746564',2,'App\\User',2,'App\\User',X'7b2261747472696275746573223a5b5d2c226f6c64223a5b5d7d','2021-08-03 06:35:39','2021-08-03 06:35:39'),(89,'user',X'75706461746564',2,'App\\User',2,'App\\User',X'7b2261747472696275746573223a5b5d2c226f6c64223a5b5d7d','2021-08-03 23:50:23','2021-08-03 23:50:23'),(90,'post',X'63726561746564',18,'App\\Post',1,'App\\User',X'7b2261747472696275746573223a7b22706f73745f7469746c65223a224672656375656e6369612064656c20534552205469656d706f205265616c222c22706f73745f626f6479223a2268747470733a5c2f5c2f6170706d6f76696c7a682e656e74656f70657261646f722e6f72675c2f656f726b70695c2f696e6465782e7068705c2f6170695c2f696e64696361646f7232222c2266656174757265645f696d616765223a22626c616e6b2e706e67222c22737461747573223a312c2270726f6a6563745f6964223a312c22757365725f6964223a317d7d','2021-08-04 05:02:26','2021-08-04 05:02:26'),(91,'user',X'75706461746564',2,'App\\User',2,'App\\User',X'7b2261747472696275746573223a5b5d2c226f6c64223a5b5d7d','2021-08-04 05:03:30','2021-08-04 05:03:30'),(92,'user',X'75706461746564',2,'App\\User',2,'App\\User',X'7b2261747472696275746573223a5b5d2c226f6c64223a5b5d7d','2021-08-04 05:07:05','2021-08-04 05:07:05'),(93,'settings',X'76696577',NULL,NULL,1,'App\\User',X'5b5d','2021-08-04 05:07:17','2021-08-04 05:07:17'),(94,'settings',X'76696577',NULL,NULL,1,'App\\User',X'5b5d','2021-08-04 05:09:56','2021-08-04 05:09:56'),(95,'settings',X'76696577',NULL,NULL,1,'App\\User',X'5b5d','2021-08-04 05:14:52','2021-08-04 05:14:52'),(96,'post',X'75706461746564',17,'App\\Post',1,'App\\User',X'7b2261747472696275746573223a7b22706f73745f626f6479223a2268747470733a5c2f5c2f6170706d6f76696c7a682e656e74656f70657261646f722e6f72675c2f4d6170615765625c2f6d61702e68746d6c227d2c226f6c64223a7b22706f73745f626f6479223a2268747470733a5c2f5c2f6563322d33342d3139352d3130392d3135352e636f6d707574652d312e616d617a6f6e6177732e636f6d5c2f656f726b70695c2f6170695c2f696e64696361646f7232227d7d','2021-08-04 06:03:46','2021-08-04 06:03:46'),(97,'user',X'75706461746564',2,'App\\User',2,'App\\User',X'7b2261747472696275746573223a5b5d2c226f6c64223a5b5d7d','2021-08-04 06:55:34','2021-08-04 06:55:34'),(98,'user',X'75706461746564',2,'App\\User',2,'App\\User',X'7b2261747472696275746573223a5b5d2c226f6c64223a5b5d7d','2021-08-04 08:18:06','2021-08-04 08:18:06'),(99,'user',X'75706461746564',2,'App\\User',2,'App\\User',X'7b2261747472696275746573223a5b5d2c226f6c64223a5b5d7d','2021-08-06 11:48:47','2021-08-06 11:48:47'),(100,'user',X'75706461746564',2,'App\\User',2,'App\\User',X'7b2261747472696275746573223a5b5d2c226f6c64223a5b5d7d','2021-08-09 05:47:40','2021-08-09 05:47:40'),(101,'user',X'75706461746564',2,'App\\User',2,'App\\User',X'7b2261747472696275746573223a5b5d2c226f6c64223a5b5d7d','2021-08-09 23:27:36','2021-08-09 23:27:36'),(102,'user',X'75706461746564',2,'App\\User',2,'App\\User',X'7b2261747472696275746573223a5b5d2c226f6c64223a5b5d7d','2021-08-09 23:30:11','2021-08-09 23:30:11'),(103,'user',X'75706461746564',2,'App\\User',2,'App\\User',X'7b2261747472696275746573223a5b5d2c226f6c64223a5b5d7d','2021-08-10 00:02:41','2021-08-10 00:02:41'),(104,'user',X'75706461746564',2,'App\\User',2,'App\\User',X'7b2261747472696275746573223a5b5d2c226f6c64223a5b5d7d','2021-08-10 01:36:08','2021-08-10 01:36:08'),(105,'user',X'75706461746564',2,'App\\User',2,'App\\User',X'7b2261747472696275746573223a5b5d2c226f6c64223a5b5d7d','2021-08-10 21:51:15','2021-08-10 21:51:15'),(106,'user',X'75706461746564',2,'App\\User',2,'App\\User',X'7b2261747472696275746573223a5b5d2c226f6c64223a5b5d7d','2021-08-11 01:53:13','2021-08-11 01:53:13'),(107,'user',X'75706461746564',2,'App\\User',2,'App\\User',X'7b2261747472696275746573223a5b5d2c226f6c64223a5b5d7d','2021-08-12 01:59:42','2021-08-12 01:59:42'),(108,'user',X'75706461746564',2,'App\\User',2,'App\\User',X'7b2261747472696275746573223a5b5d2c226f6c64223a5b5d7d','2021-08-12 02:00:27','2021-08-12 02:00:27'),(109,'user',X'75706461746564',2,'App\\User',2,'App\\User',X'7b2261747472696275746573223a5b5d2c226f6c64223a5b5d7d','2021-08-12 02:00:40','2021-08-12 02:00:40'),(110,'user',X'75706461746564',2,'App\\User',2,'App\\User',X'7b2261747472696275746573223a5b5d2c226f6c64223a5b5d7d','2021-08-12 03:35:44','2021-08-12 03:35:44'),(111,'user',X'75706461746564',2,'App\\User',2,'App\\User',X'7b2261747472696275746573223a5b5d2c226f6c64223a5b5d7d','2021-08-13 00:47:09','2021-08-13 00:47:09'),(112,'user',X'75706461746564',2,'App\\User',2,'App\\User',X'7b2261747472696275746573223a5b5d2c226f6c64223a5b5d7d','2021-08-13 21:29:58','2021-08-13 21:29:58'),(113,'user',X'75706461746564',2,'App\\User',2,'App\\User',X'7b2261747472696275746573223a5b5d2c226f6c64223a5b5d7d','2021-08-17 04:23:46','2021-08-17 04:23:46'),(114,'user',X'75706461746564',2,'App\\User',2,'App\\User',X'7b2261747472696275746573223a5b5d2c226f6c64223a5b5d7d','2021-08-17 06:26:43','2021-08-17 06:26:43'),(115,'user',X'75706461746564',2,'App\\User',2,'App\\User',X'7b2261747472696275746573223a5b5d2c226f6c64223a5b5d7d','2021-08-19 21:54:08','2021-08-19 21:54:08'),(116,'user',X'75706461746564',2,'App\\User',2,'App\\User',X'7b2261747472696275746573223a5b5d2c226f6c64223a5b5d7d','2021-08-22 05:51:42','2021-08-22 05:51:42'),(117,'user',X'75706461746564',2,'App\\User',2,'App\\User',X'7b2261747472696275746573223a5b5d2c226f6c64223a5b5d7d','2021-08-31 09:29:59','2021-08-31 09:29:59'),(118,'projects',X'63726561746564',3,'App\\Project',1,'App\\User',X'7b2261747472696275746573223a7b2270726f6a6563745f6e616d65223a225469706f73206465204f6665727461222c22737461747573223a312c22757365725f6964223a317d7d','2021-09-17 05:36:22','2021-09-17 05:36:22'),(119,'post',X'63726561746564',19,'App\\Post',1,'App\\User',X'7b2261747472696275746573223a7b22706f73745f7469746c65223a22496e79656363695c75303066336e20706f72207469706f206465206d65726361646f222c22706f73745f626f6479223a2268747470733a5c2f5c2f6170706d6f76696c7a682e656e74656f70657261646f722e6f72673a383434335c2f6f70656e2d766965775c2f31323439365c2f3932313761373931303430313839616364623434336439623262663831363536222c2266656174757265645f696d616765223a22626c616e6b2e706e67222c22737461747573223a312c2270726f6a6563745f6964223a332c22757365725f6964223a317d7d','2021-09-17 05:38:01','2021-09-17 05:38:01'),(120,'projects',X'75706461746564',3,'App\\Project',1,'App\\User',X'7b2261747472696275746573223a7b2270726f6a6563745f6e616d65223a225472616e73616363696f6e657320706f72205469706f206465204d65726361646f227d2c226f6c64223a7b2270726f6a6563745f6e616d65223a225469706f73206465204f6665727461227d7d','2021-09-17 05:38:23','2021-09-17 05:38:23'),(121,'post',X'63726561746564',20,'App\\Post',1,'App\\User',X'7b2261747472696275746573223a7b22706f73745f7469746c65223a2252657469726f20706f72207469706f206465206d65726361646f222c22706f73745f626f6479223a2268747470733a5c2f5c2f6170706d6f76696c7a682e656e74656f70657261646f722e6f72673a383434335c2f6f70656e2d766965775c2f31323530325c2f6337343234353162636332356531623062316137393866316230333335386432222c2266656174757265645f696d616765223a22626c616e6b2e706e67222c22737461747573223a312c2270726f6a6563745f6964223a332c22757365725f6964223a317d7d','2021-09-17 05:39:37','2021-09-17 05:39:37'),(122,'post',X'63726561746564',21,'App\\Post',1,'App\\User',X'7b2261747472696275746573223a7b22706f73745f7469746c65223a22496e79656363695c75303066336e20706f72207469706f206465206f6665727461222c22706f73745f626f6479223a2268747470733a5c2f5c2f6170706d6f76696c7a682e656e74656f70657261646f722e6f72673a383434335c2f6f70656e2d766965775c2f31323439395c2f3862313230356137666630653932393863653136346338393861613031353865222c2266656174757265645f696d616765223a22626c616e6b2e706e67222c22737461747573223a312c2270726f6a6563745f6964223a332c22757365725f6964223a317d7d','2021-09-17 05:40:50','2021-09-17 05:40:50'),(123,'post',X'63726561746564',22,'App\\Post',1,'App\\User',X'7b2261747472696275746573223a7b22706f73745f7469746c65223a2252657469726f20706f72207469706f206465206f6665727461222c22706f73745f626f6479223a2268747470733a5c2f5c2f6170706d6f76696c7a682e656e74656f70657261646f722e6f72673a383434335c2f6f70656e2d766965775c2f31323530355c2f6665333030303365643231343366376632386138373939613930353136643032222c2266656174757265645f696d616765223a22626c616e6b2e706e67222c22737461747573223a312c2270726f6a6563745f6964223a332c22757365725f6964223a317d7d','2021-09-17 05:41:38','2021-09-17 05:41:38'),(124,'projects',X'63726561746564',4,'App\\Project',1,'App\\User',X'7b2261747472696275746573223a7b2270726f6a6563745f6e616d65223a225472616e73616363696f6e657320706f72206167656e7465222c22737461747573223a312c22757365725f6964223a317d7d','2021-09-17 05:42:34','2021-09-17 05:42:34'),(125,'post',X'63726561746564',23,'App\\Post',1,'App\\User',X'7b2261747472696275746573223a7b22706f73745f7469746c65223a22496e79656363695c75303066336e222c22706f73745f626f6479223a2268747470733a5c2f5c2f6170706d6f76696c7a682e656e74656f70657261646f722e6f72673a383434335c2f6f70656e2d766965775c2f31323437365c2f3337666238613538333336656637333365393731366566303236333136623533222c2266656174757265645f696d616765223a22626c616e6b2e706e67222c22737461747573223a312c2270726f6a6563745f6964223a342c22757365725f6964223a317d7d','2021-09-17 05:43:28','2021-09-17 05:43:28'),(126,'post',X'63726561746564',24,'App\\Post',1,'App\\User',X'7b2261747472696275746573223a7b22706f73745f7469746c65223a2252657469726f222c22706f73745f626f6479223a2268747470733a5c2f5c2f6170706d6f76696c7a682e656e74656f70657261646f722e6f72673a383434335c2f6f70656e2d766965775c2f31323437385c2f3063353335633430336338363037373664623338623765323566643865383035222c2266656174757265645f696d616765223a22626c616e6b2e706e67222c22737461747573223a312c2270726f6a6563745f6964223a342c22757365725f6964223a317d7d','2021-09-17 05:44:09','2021-09-17 05:44:09'),(127,'projects',X'63726561746564',5,'App\\Project',1,'App\\User',X'7b2261747472696275746573223a7b2270726f6a6563745f6e616d65223a2250726563696f204578616e74652070726f6d6564696f222c22737461747573223a312c22757365725f6964223a317d7d','2021-09-17 05:44:43','2021-09-17 05:44:43'),(128,'post',X'63726561746564',25,'App\\Post',1,'App\\User',X'7b2261747472696275746573223a7b22706f73745f7469746c65223a2250726f6d6564696f20706f722070615c753030656473222c22706f73745f626f6479223a2268747470733a5c2f5c2f6170706d6f76696c7a682e656e74656f70657261646f722e6f72673a383434335c2f6f70656e2d766965775c2f31323530385c2f6331613863323836343266366631386466303838346232313363633663383265222c2266656174757265645f696d616765223a22626c616e6b2e706e67222c22737461747573223a312c2270726f6a6563745f6964223a352c22757365725f6964223a317d7d','2021-09-17 05:45:30','2021-09-17 05:45:30'),(129,'post',X'63726561746564',26,'App\\Post',1,'App\\User',X'7b2261747472696275746573223a7b22706f73745f7469746c65223a22506f7220706572696f646f222c22706f73745f626f6479223a2268747470733a5c2f5c2f6170706d6f76696c7a682e656e74656f70657261646f722e6f72673a383434335c2f6f70656e2d766965775c2f31323531365c2f6264306435383139343739646230633838643336306639356566396338633032222c2266656174757265645f696d616765223a22626c616e6b2e706e67222c22737461747573223a312c2270726f6a6563745f6964223a352c22757365725f6964223a317d7d','2021-09-17 05:47:07','2021-09-17 05:47:07'),(130,'projects',X'63726561746564',6,'App\\Project',1,'App\\User',X'7b2261747472696275746573223a7b2270726f6a6563745f6e616d65223a22496e79656363696f6e657320792052657469726f7320615c75303066316f2061637475616c20767320615c75303066316f20616e746572696f72222c22737461747573223a312c22757365725f6964223a317d7d','2021-09-17 05:47:48','2021-09-17 05:47:48'),(131,'post',X'63726561746564',27,'App\\Post',1,'App\\User',X'7b2261747472696275746573223a7b22706f73745f7469746c65223a22496e79656363696f6e657320792052657469726f7320616e75616c6573222c22706f73745f626f6479223a2268747470733a5c2f5c2f6170706d6f76696c7a682e656e74656f70657261646f722e6f72673a383434335c2f6f70656e2d766965775c2f31323534385c2f3736386539633865323430656665623432333866346366353066616661393731222c2266656174757265645f696d616765223a22626c616e6b2e706e67222c22737461747573223a312c2270726f6a6563745f6964223a362c22757365725f6964223a317d7d','2021-09-17 05:51:01','2021-09-17 05:51:01'),(132,'post',X'63726561746564',28,'App\\Post',1,'App\\User',X'7b2261747472696275746573223a7b22706f73745f7469746c65223a22496e79656363696f6e657320792052657469726f732064696172696f73222c22706f73745f626f6479223a2268747470733a5c2f5c2f6170706d6f76696c7a682e656e74656f70657261646f722e6f72673a383434335c2f6f70656e2d766965775c2f31323533325c2f3063613139383763343536363265653437316137643539616230613163356637222c2266656174757265645f696d616765223a22626c616e6b2e706e67222c22737461747573223a312c2270726f6a6563745f6964223a362c22757365725f6964223a317d7d','2021-09-17 05:51:35','2021-09-17 05:51:35'),(133,'post',X'75706461746564',28,'App\\Post',1,'App\\User',X'7b2261747472696275746573223a7b22706f73745f7469746c65223a22496e79656363696f6e657320792052657469726f73206d656e7375616c6573222c22706f73745f626f6479223a2268747470733a5c2f5c2f6170706d6f76696c7a682e656e74656f70657261646f722e6f72673a383434335c2f6f70656e2d766965775c2f31323534305c2f3166663339656463373836383932626164383564363337653133356266386561227d2c226f6c64223a7b22706f73745f7469746c65223a22496e79656363696f6e657320792052657469726f732064696172696f73222c22706f73745f626f6479223a2268747470733a5c2f5c2f6170706d6f76696c7a682e656e74656f70657261646f722e6f72673a383434335c2f6f70656e2d766965775c2f31323533325c2f3063613139383763343536363265653437316137643539616230613163356637227d7d','2021-09-17 05:53:45','2021-09-17 05:53:45'),(134,'post',X'63726561746564',29,'App\\Post',1,'App\\User',X'7b2261747472696275746573223a7b22706f73745f7469746c65223a22496e79656363696f6e657320792052657469726f732064696172696f73222c22706f73745f626f6479223a2268747470733a5c2f5c2f6170706d6f76696c7a682e656e74656f70657261646f722e6f72673a383434335c2f6f70656e2d766965775c2f31323533325c2f3063613139383763343536363265653437316137643539616230613163356637222c2266656174757265645f696d616765223a22626c616e6b2e706e67222c22737461747573223a312c2270726f6a6563745f6964223a362c22757365725f6964223a317d7d','2021-09-17 05:54:32','2021-09-17 05:54:32'),(135,'projects',X'63726561746564',7,'App\\Project',1,'App\\User',X'7b2261747472696275746573223a7b2270726f6a6563745f6e616d65223a224167656e746573206175746f72697a61646f732070617261207265616c697a6172207472616e73616363696f6e657320656e20656c204d4552222c22737461747573223a312c22757365725f6964223a317d7d','2021-09-17 05:56:19','2021-09-17 05:56:19'),(136,'projects',X'75706461746564',7,'App\\Project',1,'App\\User',X'7b2261747472696275746573223a7b2270726f6a6563745f6e616d65223a224167656e746573206175746f72697a61646f7320656e20656c204d4552227d2c226f6c64223a7b2270726f6a6563745f6e616d65223a224167656e746573206175746f72697a61646f732070617261207265616c697a6172207472616e73616363696f6e657320656e20656c204d4552227d7d','2021-09-17 05:56:39','2021-09-17 05:56:39'),(137,'post',X'63726561746564',30,'App\\Post',1,'App\\User',X'7b2261747472696275746573223a7b22706f73745f7469746c65223a224167656e746573204175746f72697a61646f73222c22706f73745f626f6479223a2268747470733a5c2f5c2f6170706d6f76696c7a682e656e74656f70657261646f722e6f72673a383434335c2f6f70656e2d766965775c2f31323536335c2f6330353636363233653661386237366163666364623462336537393433333538222c2266656174757265645f696d616765223a22626c616e6b2e706e67222c22737461747573223a312c2270726f6a6563745f6964223a372c22757365725f6964223a317d7d','2021-09-17 06:00:32','2021-09-17 06:00:32'),(138,'post',X'63726561746564',31,'App\\Post',1,'App\\User',X'7b2261747472696275746573223a7b22706f73745f7469746c65223a2247756174656d616c61222c22706f73745f626f6479223a2268747470733a5c2f5c2f6170706d6f76696c7a682e656e74656f70657261646f722e6f72673a383434335c2f6f70656e2d766965775c2f31323537305c2f3235373837656334363636386336373962376564373730653764326533363137222c2266656174757265645f696d616765223a22626c616e6b2e706e67222c22737461747573223a312c2270726f6a6563745f6964223a372c22757365725f6964223a317d7d','2021-09-17 06:00:55','2021-09-17 06:00:55'),(139,'post',X'63726561746564',32,'App\\Post',1,'App\\User',X'7b2261747472696275746573223a7b22706f73745f7469746c65223a22456c2053616c7661646f72222c22706f73745f626f6479223a2268747470733a5c2f5c2f6170706d6f76696c7a682e656e74656f70657261646f722e6f72673a383434335c2f6f70656e2d766965775c2f31323537375c2f3431306334373364646234383235663964386463653366393634616436366334222c2266656174757265645f696d616765223a22626c616e6b2e706e67222c22737461747573223a312c2270726f6a6563745f6964223a372c22757365725f6964223a317d7d','2021-09-17 06:01:22','2021-09-17 06:01:22'),(140,'post',X'63726561746564',33,'App\\Post',1,'App\\User',X'7b2261747472696275746573223a7b22706f73745f7469746c65223a22486f6e6475726173222c22706f73745f626f6479223a2268747470733a5c2f5c2f6170706d6f76696c7a682e656e74656f70657261646f722e6f72673a383434335c2f6f70656e2d766965775c2f31323538345c2f6466623433353664626264343832356462643063626431346338386137626337222c2266656174757265645f696d616765223a22626c616e6b2e706e67222c22737461747573223a312c2270726f6a6563745f6964223a372c22757365725f6964223a317d7d','2021-09-17 06:02:48','2021-09-17 06:02:48'),(141,'post',X'63726561746564',34,'App\\Post',1,'App\\User',X'7b2261747472696275746573223a7b22706f73745f7469746c65223a224e6963617261677561222c22706f73745f626f6479223a2268747470733a5c2f5c2f6170706d6f76696c7a682e656e74656f70657261646f722e6f72673a383434335c2f6f70656e2d766965775c2f31323539315c2f3738353265636635386232633230343132613530643764323935336536313836222c2266656174757265645f696d616765223a22626c616e6b2e706e67222c22737461747573223a312c2270726f6a6563745f6964223a372c22757365725f6964223a317d7d','2021-09-17 06:03:08','2021-09-17 06:03:08'),(142,'post',X'63726561746564',35,'App\\Post',1,'App\\User',X'7b2261747472696275746573223a7b22706f73745f7469746c65223a22436f7374612052696361222c22706f73745f626f6479223a2268747470733a5c2f5c2f6170706d6f76696c7a682e656e74656f70657261646f722e6f72673a383434335c2f6f70656e2d766965775c2f31323539385c2f3836623761386633616162303431366561643532663537383539353932373339222c2266656174757265645f696d616765223a22626c616e6b2e706e67222c22737461747573223a312c2270726f6a6563745f6964223a372c22757365725f6964223a317d7d','2021-09-17 06:03:28','2021-09-17 06:03:28'),(143,'projects',X'63726561746564',8,'App\\Project',1,'App\\User',X'7b2261747472696275746573223a7b2270726f6a6563745f6e616d65223a225472616e73616363696f6e657320706f72205c753030653172656120646520636f6e74726f6c222c22737461747573223a312c22757365725f6964223a317d7d','2021-09-17 06:04:07','2021-09-17 06:04:07'),(144,'post',X'63726561746564',36,'App\\Post',1,'App\\User',X'7b2261747472696275746573223a7b22706f73745f7469746c65223a22496e79656363695c75303066336e222c22706f73745f626f6479223a2268747470733a5c2f5c2f6170706d6f76696c7a682e656e74656f70657261646f722e6f72673a383434335c2f6f70656e2d766965775c2f31323630375c2f3537316666613139326239323565333238656665343931656466643531646135222c2266656174757265645f696d616765223a22626c616e6b2e706e67222c22737461747573223a312c2270726f6a6563745f6964223a382c22757365725f6964223a317d7d','2021-09-17 06:05:06','2021-09-17 06:05:06'),(145,'post',X'63726561746564',37,'App\\Post',1,'App\\User',X'7b2261747472696275746573223a7b22706f73745f7469746c65223a2252657469726f222c22706f73745f626f6479223a2268747470733a5c2f5c2f6170706d6f76696c7a682e656e74656f70657261646f722e6f72673a383434335c2f6f70656e2d766965775c2f31323630395c2f3539613435353534336338323535313961393734313361333762383237336562222c2266656174757265645f696d616765223a22626c616e6b2e706e67222c22737461747573223a312c2270726f6a6563745f6964223a382c22757365725f6964223a317d7d','2021-09-17 06:05:26','2021-09-17 06:05:26'),(146,'projects',X'63726561746564',9,'App\\Project',1,'App\\User',X'7b2261747472696275746573223a7b2270726f6a6563745f6e616d65223a224d5c753030653178696d6f73206465207472616e73616363696f6e6573206469617269617320646520496e79656363695c75303066336e222c22737461747573223a312c22757365725f6964223a317d7d','2021-09-17 06:07:39','2021-09-17 06:07:39'),(147,'post',X'63726561746564',38,'App\\Post',1,'App\\User',X'7b2261747472696275746573223a7b22706f73745f7469746c65223a224d5c753030653178696d6f7320646520696e79656363696f6e65732064696172696173222c22706f73745f626f6479223a2268747470733a5c2f5c2f6170706d6f76696c7a682e656e74656f70657261646f722e6f72673a383434335c2f6f70656e2d766965775c2f31323631315c2f3763373763363136643331653933323834353536376235663630313765303438222c2266656174757265645f696d616765223a22626c616e6b2e706e67222c22737461747573223a312c2270726f6a6563745f6964223a392c22757365725f6964223a317d7d','2021-09-17 06:08:14','2021-09-17 06:08:14'),(148,'projects',X'63726561746564',10,'App\\Project',1,'App\\User',X'7b2261747472696275746573223a7b2270726f6a6563745f6e616d65223a22506f74656e63696120646520445420646520496e79656363695c75303066336e20792072657469726f20706f72205c753030633172656120646520436f6e74726f6c222c22737461747573223a312c22757365725f6964223a317d7d','2021-09-17 06:08:48','2021-09-17 06:08:48'),(149,'post',X'63726561746564',39,'App\\Post',1,'App\\User',X'7b2261747472696275746573223a7b22706f73745f7469746c65223a22506f74656e636961206465204465726563686f73206465205472616e736d6973695c75303066336e222c22706f73745f626f6479223a2268747470733a5c2f5c2f6170706d6f76696c7a682e656e74656f70657261646f722e6f72673a383434335c2f6f70656e2d766965775c2f31323637315c2f3236646333373735636165633633343237353938636132653661616430353131222c2266656174757265645f696d616765223a22626c616e6b2e706e67222c22737461747573223a312c2270726f6a6563745f6964223a31302c22757365725f6964223a317d7d','2021-09-17 06:09:19','2021-09-17 06:09:19'),(150,'projects',X'63726561746564',11,'App\\Project',1,'App\\User',X'7b2261747472696275746573223a7b2270726f6a6563745f6e616d65223a22456e65675c7530306564612044656d616e6461646120656e20656c20534552222c22737461747573223a312c22757365725f6964223a317d7d','2021-09-17 06:09:52','2021-09-17 06:09:52'),(151,'post',X'63726561746564',40,'App\\Post',1,'App\\User',X'7b2261747472696275746573223a7b22706f73745f7469746c65223a22456e6572675c75303065646120436f6e73756d69646120706f72206c6f732050615c7530306564736573204d69656d62726f73222c22706f73745f626f6479223a2268747470733a5c2f5c2f6170706d6f76696c7a682e656e74656f70657261646f722e6f72673a383434335c2f6f70656e2d766965775c2f31323637335c2f3434633165666462663732333133336630323233666630616634373334646138222c2266656174757265645f696d616765223a22626c616e6b2e706e67222c22737461747573223a312c2270726f6a6563745f6964223a31312c22757365725f6964223a317d7d','2021-09-17 06:10:19','2021-09-17 06:10:19'),(152,'projects',X'63726561746564',12,'App\\Project',1,'App\\User',X'7b2261747472696275746573223a7b2270726f6a6563745f6e616d65223a2250726563696f2070726f6d6564696f2c206d5c753030653178696d6f2079206d696e696d6f206578616e746520696e746572616e75616c222c22737461747573223a312c22757365725f6964223a317d7d','2021-09-17 06:10:53','2021-09-17 06:10:53'),(153,'post',X'63726561746564',41,'App\\Post',1,'App\\User',X'7b2261747472696275746573223a7b22706f73745f7469746c65223a2250726f6d6564696f222c22706f73745f626f6479223a2268747470733a5c2f5c2f6170706d6f76696c7a682e656e74656f70657261646f722e6f72673a383434335c2f6f70656e2d766965775c2f31323736305c2f6339633131393539653661646365666362666465613736356263383134643364222c2266656174757265645f696d616765223a22626c616e6b2e706e67222c22737461747573223a312c2270726f6a6563745f6964223a31322c22757365725f6964223a317d7d','2021-09-17 06:11:33','2021-09-17 06:11:33'),(154,'post',X'63726561746564',42,'App\\Post',1,'App\\User',X'7b2261747472696275746573223a7b22706f73745f7469746c65223a224d5c753030653178696d6f222c22706f73745f626f6479223a2268747470733a5c2f5c2f6170706d6f76696c7a682e656e74656f70657261646f722e6f72673a383434335c2f6f70656e2d766965775c2f31323735355c2f6130643134373932623963306531346330313061623033376665663230313730222c2266656174757265645f696d616765223a22626c616e6b2e706e67222c22737461747573223a312c2270726f6a6563745f6964223a31322c22757365725f6964223a317d7d','2021-09-17 06:11:54','2021-09-17 06:11:54'),(155,'post',X'63726561746564',43,'App\\Post',1,'App\\User',X'7b2261747472696275746573223a7b22706f73745f7469746c65223a224d696e696d6f222c22706f73745f626f6479223a2268747470733a5c2f5c2f6170706d6f76696c7a682e656e74656f70657261646f722e6f72673a383434335c2f6f70656e2d766965775c2f31323735305c2f6663383333613637303263386434303662653535633261313731653633343231222c2266656174757265645f696d616765223a22626c616e6b2e706e67222c22737461747573223a312c2270726f6a6563745f6964223a31322c22757365725f6964223a317d7d','2021-09-17 06:12:25','2021-09-17 06:12:25'),(156,'projects',X'63726561746564',13,'App\\Project',1,'App\\User',X'7b2261747472696275746573223a7b2270726f6a6563745f6e616d65223a22526573756c7461646f20646520417369676e6163695c75303066336e20656e747265205c75303063317265617320646520436f6e74726f6c222c22737461747573223a312c22757365725f6964223a317d7d','2021-09-17 06:13:20','2021-09-17 06:13:20'),(157,'post',X'63726561746564',44,'App\\Post',1,'App\\User',X'7b2261747472696275746573223a7b22706f73745f7469746c65223a22417369676e6163695c75303066336e20656e7472652050615c7530306564736573222c22706f73745f626f6479223a2268747470733a5c2f5c2f6170706d6f76696c7a682e656e74656f70657261646f722e6f72673a383434335c2f6f70656e2d766965775c2f31323637355c2f6236623836303365646634373636326339623532333461353632313262313664222c2266656174757265645f696d616765223a22626c616e6b2e706e67222c22737461747573223a312c2270726f6a6563745f6964223a31332c22757365725f6964223a317d7d','2021-09-17 06:13:54','2021-09-17 06:13:54'),(158,'projects',X'63726561746564',14,'App\\Project',1,'App\\User',X'7b2261747472696275746573223a7b2270726f6a6563745f6e616d65223a224956445420706f7220417369676e6163695c75303066336e222c22737461747573223a312c22757365725f6964223a317d7d','2021-09-17 06:14:11','2021-09-17 06:14:11'),(159,'post',X'63726561746564',45,'App\\Post',1,'App\\User',X'7b2261747472696275746573223a7b22706f73745f7469746c65223a224956445420706f7220417369676e6163695c75303066336e222c22706f73745f626f6479223a2268747470733a5c2f5c2f6170706d6f76696c7a682e656e74656f70657261646f722e6f72673a383434335c2f6f70656e2d766965775c2f31323736355c2f3538323134666636336238356138643361613962353335323533303561626532222c2266656174757265645f696d616765223a22626c616e6b2e706e67222c22737461747573223a312c2270726f6a6563745f6964223a31342c22757365725f6964223a317d7d','2021-09-17 06:14:39','2021-09-17 06:14:39'),(160,'projects',X'63726561746564',15,'App\\Project',1,'App\\User',X'7b2261747472696275746573223a7b2270726f6a6563745f6e616d65223a2243616e7469646164206465204f666572656e74657320706f7220417369676e6163695c75303066336e222c22737461747573223a312c22757365725f6964223a317d7d','2021-09-17 06:15:08','2021-09-17 06:15:08'),(161,'post',X'63726561746564',46,'App\\Post',1,'App\\User',X'7b2261747472696275746573223a7b22706f73745f7469746c65223a224f666572656e74657320706f7220417369676e6163695c75303066336e222c22706f73745f626f6479223a2268747470733a5c2f5c2f6170706d6f76696c7a682e656e74656f70657261646f722e6f72673a383434335c2f6f70656e2d766965775c2f31323637375c2f6534323666663137623430643865383436326362303163343139303863376561222c2266656174757265645f696d616765223a22626c616e6b2e706e67222c22737461747573223a312c2270726f6a6563745f6964223a31352c22757365725f6964223a317d7d','2021-09-17 06:15:40','2021-09-17 06:15:40'),(162,'projects',X'63726561746564',16,'App\\Project',1,'App\\User',X'7b2261747472696275746573223a7b2270726f6a6563745f6e616d65223a2247656e65726163695c75303066336e20792044656d616e646120646520706f74656e63696120726567696f6e616c20656e207469656d706f207265616c222c22737461747573223a312c22757365725f6964223a317d7d','2021-09-17 06:17:41','2021-09-17 06:17:41'),(163,'projects',X'63726561746564',17,'App\\Project',1,'App\\User',X'7b2261747472696275746573223a7b2270726f6a6563745f6e616d65223a22466c756a6f7320726567696f6e616c657320646520706f74656e63696120656e207469656d706f207265616c222c22737461747573223a312c22757365725f6964223a317d7d','2021-09-17 06:17:56','2021-09-17 06:17:56'),(164,'projects',X'75706461746564',1,'App\\Project',1,'App\\User',X'7b2261747472696275746573223a7b2270726f6a6563745f6e616d65223a2247656e65726163695c75303066336e20792044656d616e646120646520706f74656e63696120726567696f6e616c20656e207469656d706f207265616c227d2c226f6c64223a7b2270726f6a6563745f6e616d65223a224b504920454f52227d7d','2021-09-17 06:19:30','2021-09-17 06:19:30'),(165,'projects',X'64656c65746564',16,'App\\Project',1,'App\\User',X'7b2261747472696275746573223a7b2270726f6a6563745f6e616d65223a2247656e65726163695c75303066336e20792044656d616e646120646520706f74656e63696120726567696f6e616c20656e207469656d706f207265616c222c22737461747573223a312c22757365725f6964223a317d7d','2021-09-17 06:19:35','2021-09-17 06:19:35'),(166,'post',X'64656c65746564',1,'App\\Post',1,'App\\User',X'7b2261747472696275746573223a7b22706f73745f7469746c65223a225472616e73616363696f6e657320706f72207469706f206465206f6665727461222c22706f73745f626f6479223a2268747470733a5c2f5c2f6170706d6f76696c7a682e656e74656f70657261646f722e6f72673a383434335c2f6f70656e2d766965775c2f31313631335c2f3038613538386162376562656366313739373731653039613166373130663939222c2266656174757265645f696d616765223a22626c616e6b2e706e67222c22737461747573223a312c2270726f6a6563745f6964223a312c22757365725f6964223a317d7d','2021-09-17 06:19:48','2021-09-17 06:19:48'),(167,'post',X'64656c65746564',2,'App\\Post',1,'App\\User',X'7b2261747472696275746573223a7b22706f73745f7469746c65223a225472616e73616363696f6e657320706f72204167656e7465222c22706f73745f626f6479223a2268747470733a5c2f5c2f6170706d6f76696c7a682e656e74656f70657261646f722e6f72673a383434335c2f6f70656e2d766965775c2f31313635335c2f3536306566326231653034623436316332626462326566386261396330663665222c2266656174757265645f696d616765223a22626c616e6b2e706e67222c22737461747573223a312c2270726f6a6563745f6964223a312c22757365725f6964223a317d7d','2021-09-17 06:19:50','2021-09-17 06:19:50'),(168,'post',X'64656c65746564',3,'App\\Post',1,'App\\User',X'7b2261747472696275746573223a7b22706f73745f7469746c65223a2250726563696f204578616e74652070726f6d6564696f20706f72205c753030633172656120646520436f6e74726f6c222c22706f73745f626f6479223a2268747470733a5c2f5c2f6170706d6f76696c7a682e656e74656f70657261646f722e6f72673a383434335c2f6f70656e2d766965775c2f31313936305c2f3733376338366238666463386466333464393138316230636138343131343034222c2266656174757265645f696d616765223a22626c616e6b2e706e67222c22737461747573223a312c2270726f6a6563745f6964223a312c22757365725f6964223a317d7d','2021-09-17 06:19:53','2021-09-17 06:19:53'),(169,'post',X'64656c65746564',4,'App\\Post',1,'App\\User',X'7b2261747472696275746573223a7b22706f73745f7469746c65223a22496e79656363696f6e657320792052657469726f7320615c75303066316f2061637475616c20767320615c75303066316f20616e746572696f72222c22706f73745f626f6479223a2268747470733a5c2f5c2f6170706d6f76696c7a682e656e74656f70657261646f722e6f72673a383434335c2f6f70656e2d766965775c2f31323133355c2f3330363366663861373939376136326266313130303535333435666637346165222c2266656174757265645f696d616765223a22626c616e6b2e706e67222c22737461747573223a312c2270726f6a6563745f6964223a312c22757365725f6964223a317d7d','2021-09-17 06:19:54','2021-09-17 06:19:54'),(170,'post',X'64656c65746564',5,'App\\Post',1,'App\\User',X'7b2261747472696275746573223a7b22706f73745f7469746c65223a224167656e746573206175746f72697a61646f732070617261207265616c697a6172207472616e73616363696f6e657320656e20656c204d4552222c22706f73745f626f6479223a2268747470733a5c2f5c2f6170706d6f76696c7a682e656e74656f70657261646f722e6f72673a383434335c2f6f70656e2d766965775c2f31313535305c2f3162643337366436383230653966353733616130306430663539366638343464222c2266656174757265645f696d616765223a22626c616e6b2e706e67222c22737461747573223a312c2270726f6a6563745f6964223a312c22757365725f6964223a317d7d','2021-09-17 06:19:58','2021-09-17 06:19:58'),(171,'post',X'64656c65746564',6,'App\\Post',1,'App\\User',X'7b2261747472696275746573223a7b22706f73745f7469746c65223a225472616e73616363696f6e657320706f72205c753030653172656120646520636f6e74726f6c222c22706f73745f626f6479223a2268747470733a5c2f5c2f6170706d6f76696c7a682e656e74656f70657261646f722e6f72673a383434335c2f6f70656e2d766965775c2f31313637335c2f3332363163393961636462653061663261306635666139303735656333343665222c2266656174757265645f696d616765223a22626c616e6b2e706e67222c22737461747573223a312c2270726f6a6563745f6964223a312c22757365725f6964223a317d7d','2021-09-17 06:20:00','2021-09-17 06:20:00'),(172,'post',X'64656c65746564',13,'App\\Post',1,'App\\User',X'7b2261747472696275746573223a7b22706f73745f7469746c65223a2243616e7469646164206465204f666572656e74657320706f7220417369676e6163695c75303066336e222c22706f73745f626f6479223a2268747470733a5c2f5c2f6170706d6f76696c7a682e656e74656f70657261646f722e6f72673a383434335c2f6f70656e2d766965775c2f31313632335c2f3462366239626131643437353765643035653762643236386339343266313230222c2266656174757265645f696d616765223a22626c616e6b2e706e67222c22737461747573223a312c2270726f6a6563745f6964223a312c22757365725f6964223a317d7d','2021-09-17 06:20:49','2021-09-17 06:20:49'),(173,'post',X'64656c65746564',9,'App\\Post',1,'App\\User',X'7b2261747472696275746573223a7b22706f73745f7469746c65223a22456e65675c7530306564612044656d616e6461646120656e20656c20534552222c22706f73745f626f6479223a2268747470733a5c2f5c2f6170706d6f76696c7a682e656e74656f70657261646f722e6f72673a383434335c2f6f70656e2d766965775c2f31313634335c2f3266626137613536323131366165333065663163663033303763336366303466222c2266656174757265645f696d616765223a22626c616e6b2e706e67222c22737461747573223a312c2270726f6a6563745f6964223a312c22757365725f6964223a317d7d','2021-09-17 06:20:53','2021-09-17 06:20:53'),(174,'post',X'64656c65746564',10,'App\\Post',1,'App\\User',X'7b2261747472696275746573223a7b22706f73745f7469746c65223a2250726563696f2070726f6d6564696f2c206d5c753030653178696d6f2079206d696e696d6f206578616e746520696e746572616e75616c222c22706f73745f626f6479223a2268747470733a5c2f5c2f6170706d6f76696c7a682e656e74656f70657261646f722e6f72673a383434335c2f6f70656e2d766965775c2f31313734395c2f6636393432363961316632643434386134386130393836383835346337613034222c2266656174757265645f696d616765223a22626c616e6b2e706e67222c22737461747573223a312c2270726f6a6563745f6964223a312c22757365725f6964223a317d7d','2021-09-17 06:20:57','2021-09-17 06:20:57'),(175,'post',X'64656c65746564',12,'App\\Post',1,'App\\User',X'7b2261747472696275746573223a7b22706f73745f7469746c65223a224956445420706f7220417369676e6163695c75303066336e222c22706f73745f626f6479223a2268747470733a5c2f5c2f6170706d6f76696c7a682e656e74656f70657261646f722e6f72673a383434335c2f6f70656e2d766965775c2f31313633335c2f3630303835333135323432303639626638613933326337636530626563373866222c2266656174757265645f696d616765223a22626c616e6b2e706e67222c22737461747573223a312c2270726f6a6563745f6964223a312c22757365725f6964223a317d7d','2021-09-17 06:21:00','2021-09-17 06:21:00'),(176,'post',X'64656c65746564',11,'App\\Post',1,'App\\User',X'7b2261747472696275746573223a7b22706f73745f7469746c65223a22526573756c7461646f20646520417369676e6163695c75303066336e20656e747265205c75303063317265617320646520436f6e74726f6c222c22706f73745f626f6479223a2268747470733a5c2f5c2f6170706d6f76696c7a682e656e74656f70657261646f722e6f72673a383434335c2f6f70656e2d766965775c2f31313738305c2f3533356634633063393637386635353335323961343639363533363263656666222c2266656174757265645f696d616765223a22626c616e6b2e706e67222c22737461747573223a312c2270726f6a6563745f6964223a312c22757365725f6964223a317d7d','2021-09-17 06:21:04','2021-09-17 06:21:04'),(177,'post',X'64656c65746564',8,'App\\Post',1,'App\\User',X'7b2261747472696275746573223a7b22706f73745f7469746c65223a22506f74656e63696120646520445420646520496e79656363695c75303066336e20792072657469726f20706f72205c753030633172656120646520436f6e74726f6c222c22706f73745f626f6479223a2268747470733a5c2f5c2f6170706d6f76696c7a682e656e74656f70657261646f722e6f72673a383434335c2f6f70656e2d766965775c2f31313734375c2f3031373562666161613038346232656139303339363266356430663034623465222c2266656174757265645f696d616765223a22626c616e6b2e706e67222c22737461747573223a312c2270726f6a6563745f6964223a312c22757365725f6964223a317d7d','2021-09-17 06:21:08','2021-09-17 06:21:08'),(178,'post',X'64656c65746564',14,'App\\Post',1,'App\\User',X'7b2261747472696275746573223a7b22706f73745f7469746c65223a2247656e65726163695c75303066336e20792044656d616e646120646520706f74656e63696120726567696f6e616c20656e207469656d706f207265616c222c22706f73745f626f6479223a2268747470733a5c2f5c2f6170706d6f76696c7a682e656e74656f70657261646f722e6f72675c2f656f726b70695c2f696e6465782e7068705c2f6170695c2f696e64696361646f72312d31222c2266656174757265645f696d616765223a22626c616e6b2e706e67222c22737461747573223a312c2270726f6a6563745f6964223a312c22757365725f6964223a317d7d','2021-09-17 06:21:12','2021-09-17 06:21:12'),(179,'post',X'64656c65746564',7,'App\\Post',1,'App\\User',X'7b2261747472696275746573223a7b22706f73745f7469746c65223a224d5c753030653178696d6f73206465207472616e73616363696f6e6573206469617269617320646520496e79656363695c75303066336e222c22706f73745f626f6479223a2268747470733a5c2f5c2f6170706d6f76696c7a682e656e74656f70657261646f722e6f72673a383434335c2f6f70656e2d766965775c2f31313730375c2f3337643935383734626131653937356135633130306361376639343237346134222c2266656174757265645f696d616765223a22626c616e6b2e706e67222c22737461747573223a312c2270726f6a6563745f6964223a312c22757365725f6964223a317d7d','2021-09-17 06:21:15','2021-09-17 06:21:15'),(180,'post',X'75706461746564',16,'App\\Post',1,'App\\User',X'7b2261747472696275746573223a7b22706f73745f626f6479223a2268747470733a5c2f5c2f6170706d6f76696c7a682e656e74656f70657261646f722e6f72675c2f656f726b70695c2f696e6465782e7068705c2f6170695c2f696e64696361646f7231227d2c226f6c64223a7b22706f73745f626f6479223a2268747470733a5c2f5c2f6563322d33342d3139352d3130392d3135352e636f6d707574652d312e616d617a6f6e6177732e636f6d5c2f656f726b70695c2f6170695c2f696e64696361646f7231227d7d','2021-09-17 06:26:25','2021-09-17 06:26:25'),(181,'projects',X'64656c65746564',1,'App\\Project',1,'App\\User',X'7b2261747472696275746573223a7b2270726f6a6563745f6e616d65223a2247656e65726163695c75303066336e20792044656d616e646120646520706f74656e63696120726567696f6e616c20656e207469656d706f207265616c222c22737461747573223a312c22757365725f6964223a317d7d','2021-09-17 06:29:35','2021-09-17 06:29:35'),(182,'projects',X'63726561746564',18,'App\\Project',1,'App\\User',X'7b2261747472696275746573223a7b2270726f6a6563745f6e616d65223a225265616c2054696d65222c22737461747573223a312c22757365725f6964223a317d7d','2021-09-17 06:29:51','2021-09-17 06:29:51'),(183,'post',X'63726561746564',47,'App\\Post',1,'App\\User',X'7b2261747472696275746573223a7b22706f73745f7469746c65223a22466c756a6f7320726567696f6e616c657320646520706f74656e63696120656e207469656d706f207265616c222c22706f73745f626f6479223a2268747470733a5c2f5c2f6170706d6f76696c7a682e656e74656f70657261646f722e6f72675c2f4d6170615765625c2f6d61702e68746d6c222c2266656174757265645f696d616765223a22626c616e6b2e706e67222c22737461747573223a312c2270726f6a6563745f6964223a31382c22757365725f6964223a317d7d','2021-09-17 06:30:14','2021-09-17 06:30:14'),(184,'projects',X'64656c65746564',17,'App\\Project',1,'App\\User',X'7b2261747472696275746573223a7b2270726f6a6563745f6e616d65223a22466c756a6f7320726567696f6e616c657320646520706f74656e63696120656e207469656d706f207265616c222c22737461747573223a312c22757365725f6964223a317d7d','2021-09-17 06:30:23','2021-09-17 06:30:23'),(185,'post',X'63726561746564',48,'App\\Post',1,'App\\User',X'7b2261747472696275746573223a7b22706f73745f7469746c65223a224672656375656e6369612064656c20534552205469656d706f205265616c222c22706f73745f626f6479223a2268747470733a5c2f5c2f6170706d6f76696c7a682e656e74656f70657261646f722e6f72675c2f656f726b70695c2f696e6465782e7068705c2f6170695c2f696e64696361646f7232222c2266656174757265645f696d616765223a22626c616e6b2e706e67222c22737461747573223a312c2270726f6a6563745f6964223a31382c22757365725f6964223a317d7d','2021-09-17 06:30:45','2021-09-17 06:30:45'),(186,'post',X'63726561746564',49,'App\\Post',1,'App\\User',X'7b2261747472696275746573223a7b22706f73745f7469746c65223a2247656e65726163695c75303066336e20792044656d616e646120646520706f74656e63696120726567696f6e616c20656e207469656d706f207265616c222c22706f73745f626f6479223a2268747470733a5c2f5c2f6170706d6f76696c7a682e656e74656f70657261646f722e6f72675c2f656f726b70695c2f696e6465782e7068705c2f6170695c2f696e64696361646f7231222c2266656174757265645f696d616765223a22626c616e6b2e706e67222c22737461747573223a312c2270726f6a6563745f6964223a31382c22757365725f6964223a317d7d','2021-09-17 06:31:11','2021-09-17 06:31:11'),(187,'post',X'63726561746564',50,'App\\Post',1,'App\\User',X'7b2261747472696275746573223a7b22706f73745f7469746c65223a2243757276612064652044656d616e646120646520506f74656e63696120526567696f6e616c222c22706f73745f626f6479223a2268747470733a5c2f5c2f6170706d6f76696c7a682e656e74656f70657261646f722e6f72675c2f656f726b70695c2f696e6465782e7068705c2f6170695c2f696e64696361646f72312d31222c2266656174757265645f696d616765223a22626c616e6b2e706e67222c22737461747573223a312c2270726f6a6563745f6964223a31382c22757365725f6964223a317d7d','2021-09-17 06:31:33','2021-09-17 06:31:33'),(188,'user',X'75706461746564',2,'App\\User',2,'App\\User',X'7b2261747472696275746573223a5b5d2c226f6c64223a5b5d7d','2021-09-20 09:04:06','2021-09-20 09:04:06'),(189,'user',X'75706461746564',2,'App\\User',2,'App\\User',X'7b2261747472696275746573223a5b5d2c226f6c64223a5b5d7d','2021-09-25 21:53:02','2021-09-25 21:53:02'),(190,'user',X'75706461746564',2,'App\\User',2,'App\\User',X'7b2261747472696275746573223a5b5d2c226f6c64223a5b5d7d','2021-09-25 23:53:14','2021-09-25 23:53:14'),(191,'post',X'75706461746564',19,'App\\Post',1,'App\\User',X'7b2261747472696275746573223a7b22706f73745f626f6479223a2268747470733a5c2f5c2f6170706d6f76696c7a682e656e74656f70657261646f722e6f72673a383434335c2f6f70656e2d766965775c2f31323936345c2f6266356265613030343632386163613333636364393836306536653934616435227d2c226f6c64223a7b22706f73745f626f6479223a2268747470733a5c2f5c2f6170706d6f76696c7a682e656e74656f70657261646f722e6f72673a383434335c2f6f70656e2d766965775c2f31323439365c2f3932313761373931303430313839616364623434336439623262663831363536227d7d','2021-09-25 23:53:53','2021-09-25 23:53:53'),(192,'user',X'75706461746564',2,'App\\User',2,'App\\User',X'7b2261747472696275746573223a5b5d2c226f6c64223a5b5d7d','2021-09-26 22:06:30','2021-09-26 22:06:30'),(193,'projects',X'63726561746564',19,'App\\Project',1,'App\\User',X'7b2261747472696275746573223a7b2270726f6a6563745f6e616d65223a225472616e73616363696f6e657320706f72205469706f206465204f6665727461222c22737461747573223a312c22757365725f6964223a317d7d','2021-09-26 22:11:31','2021-09-26 22:11:31'),(194,'post',X'64656c65746564',21,'App\\Post',1,'App\\User',X'7b2261747472696275746573223a7b22706f73745f7469746c65223a22496e79656363695c75303066336e20706f72207469706f206465206f6665727461222c22706f73745f626f6479223a2268747470733a5c2f5c2f6170706d6f76696c7a682e656e74656f70657261646f722e6f72673a383434335c2f6f70656e2d766965775c2f31323439395c2f3862313230356137666630653932393863653136346338393861613031353865222c2266656174757265645f696d616765223a22626c616e6b2e706e67222c22737461747573223a312c2270726f6a6563745f6964223a332c22757365725f6964223a317d7d','2021-09-26 22:12:42','2021-09-26 22:12:42'),(195,'post',X'64656c65746564',22,'App\\Post',1,'App\\User',X'7b2261747472696275746573223a7b22706f73745f7469746c65223a2252657469726f20706f72207469706f206465206f6665727461222c22706f73745f626f6479223a2268747470733a5c2f5c2f6170706d6f76696c7a682e656e74656f70657261646f722e6f72673a383434335c2f6f70656e2d766965775c2f31323530355c2f6665333030303365643231343366376632386138373939613930353136643032222c2266656174757265645f696d616765223a22626c616e6b2e706e67222c22737461747573223a312c2270726f6a6563745f6964223a332c22757365725f6964223a317d7d','2021-09-26 22:12:46','2021-09-26 22:12:46'),(196,'post',X'63726561746564',51,'App\\Post',1,'App\\User',X'7b2261747472696275746573223a7b22706f73745f7469746c65223a22496e79656363695c75303066336e20706f72207469706f206465206f6665727461222c22706f73745f626f6479223a2268747470733a5c2f5c2f6170706d6f76696c7a682e656e74656f70657261646f722e6f72673a383434335c2f6f70656e2d766965775c2f31323439395c2f3862313230356137666630653932393863653136346338393861613031353865222c2266656174757265645f696d616765223a22626c616e6b2e706e67222c22737461747573223a312c2270726f6a6563745f6964223a31392c22757365725f6964223a317d7d','2021-09-26 22:13:29','2021-09-26 22:13:29'),(197,'post',X'63726561746564',52,'App\\Post',1,'App\\User',X'7b2261747472696275746573223a7b22706f73745f7469746c65223a2252657469726f20706f72207469706f206465206f6665727461222c22706f73745f626f6479223a2268747470733a5c2f5c2f6170706d6f76696c7a682e656e74656f70657261646f722e6f72673a383434335c2f6f70656e2d766965775c2f31323530355c2f6665333030303365643231343366376632386138373939613930353136643032222c2266656174757265645f696d616765223a22626c616e6b2e706e67222c22737461747573223a312c2270726f6a6563745f6964223a31392c22757365725f6964223a317d7d','2021-09-26 22:13:48','2021-09-26 22:13:48'),(198,'user',X'75706461746564',2,'App\\User',2,'App\\User',X'7b2261747472696275746573223a5b5d2c226f6c64223a5b5d7d','2021-09-26 22:27:05','2021-09-26 22:27:05'),(199,'post',X'75706461746564',47,'App\\Post',1,'App\\User',X'7b2261747472696275746573223a7b22706f73745f7469746c65223a22466c756a6f7320726567696f6e616c657320646520706f74656e636961227d2c226f6c64223a7b22706f73745f7469746c65223a22466c756a6f7320726567696f6e616c657320646520706f74656e63696120656e207469656d706f207265616c227d7d','2021-09-26 22:27:23','2021-09-26 22:27:23'),(200,'post',X'75706461746564',48,'App\\Post',1,'App\\User',X'7b2261747472696275746573223a7b22706f73745f7469746c65223a224672656375656e6369612064656c20534552227d2c226f6c64223a7b22706f73745f7469746c65223a224672656375656e6369612064656c20534552205469656d706f205265616c227d7d','2021-09-26 22:27:46','2021-09-26 22:27:46'),(201,'post',X'75706461746564',49,'App\\Post',1,'App\\User',X'7b2261747472696275746573223a7b22706f73745f7469746c65223a2247656e65726163695c75303066336e20792044656d616e646120646520706f74656e63696120726567696f6e616c227d2c226f6c64223a7b22706f73745f7469746c65223a2247656e65726163695c75303066336e20792044656d616e646120646520706f74656e63696120726567696f6e616c20656e207469656d706f207265616c227d7d','2021-09-26 22:28:04','2021-09-26 22:28:04'),(202,'post',X'75706461746564',49,'App\\Post',1,'App\\User',X'7b2261747472696275746573223a7b22706f73745f7469746c65223a2247656e65726163695c75303066336e20792064656d616e646120646520706f74656e63696120726567696f6e616c227d2c226f6c64223a7b22706f73745f7469746c65223a2247656e65726163695c75303066336e20792044656d616e646120646520706f74656e63696120726567696f6e616c227d7d','2021-09-26 22:32:19','2021-09-26 22:32:19'),(203,'post',X'75706461746564',50,'App\\Post',1,'App\\User',X'7b2261747472696275746573223a7b22706f73745f7469746c65223a2243757276612064652064656d616e646120646520706f74656e63696120726567696f6e616c227d2c226f6c64223a7b22706f73745f7469746c65223a2243757276612064652044656d616e646120646520506f74656e63696120526567696f6e616c227d7d','2021-09-26 22:32:40','2021-09-26 22:32:40'),(204,'post',X'63726561746564',53,'App\\Post',1,'App\\User',X'7b2261747472696275746573223a7b22706f73745f7469746c65223a224f666572656e7465732072656368617a61646f73222c22706f73745f626f6479223a2268747470733a5c2f5c2f6170706d6f76696c7a682e656e74656f70657261646f722e6f72673a383434335c2f6f70656e2d766965775c2f31323937345c2f6465643636393730393034333035336432663366393635386636333735333565222c2266656174757265645f696d616765223a22626c616e6b2e706e67222c22737461747573223a312c2270726f6a6563745f6964223a31352c22757365725f6964223a317d7d','2021-09-26 22:44:31','2021-09-26 22:44:31'),(205,'post',X'75706461746564',46,'App\\Post',1,'App\\User',X'7b2261747472696275746573223a7b22706f73745f7469746c65223a224f666572656e74657320616365707461646f73227d2c226f6c64223a7b22706f73745f7469746c65223a224f666572656e74657320706f7220417369676e6163695c75303066336e227d7d','2021-09-26 22:46:07','2021-09-26 22:46:07'),(206,'post',X'63726561746564',54,'App\\Post',1,'App\\User',X'7b2261747472696275746573223a7b22706f73745f7469746c65223a2250616e616d5c7530306531222c22706f73745f626f6479223a2268747470733a5c2f5c2f6170706d6f76696c7a682e656e74656f70657261646f722e6f72673a383434335c2f6f70656e2d766965775c2f31323937365c2f6631373230633335633437663765646434326339633261396231343363666237222c2266656174757265645f696d616765223a22626c616e6b2e706e67222c22737461747573223a312c2270726f6a6563745f6964223a372c22757365725f6964223a317d7d','2021-09-27 00:05:54','2021-09-27 00:05:54'),(207,'post',X'75706461746564',54,'App\\Post',1,'App\\User',X'7b2261747472696275746573223a7b22706f73745f626f6479223a2268747470733a5c2f5c2f6170706d6f76696c7a682e656e74656f70657261646f722e6f72673a383434335c2f6f70656e2d766965775c2f31323937365c2f3235333834313039343965333439373764636137613162353763633866386431227d2c226f6c64223a7b22706f73745f626f6479223a2268747470733a5c2f5c2f6170706d6f76696c7a682e656e74656f70657261646f722e6f72673a383434335c2f6f70656e2d766965775c2f31323937365c2f6631373230633335633437663765646434326339633261396231343363666237227d7d','2021-09-27 00:21:01','2021-09-27 00:21:01'),(208,'projects',X'75706461746564',6,'App\\Project',1,'App\\User',X'7b2261747472696275746573223a7b2270726f6a6563745f6e616d65223a22436f6d706172617469766f20646520696e79656563696f6e657320792072657469726f73227d2c226f6c64223a7b2270726f6a6563745f6e616d65223a22496e79656363696f6e657320792052657469726f7320615c75303066316f2061637475616c20767320615c75303066316f20616e746572696f72227d7d','2021-09-27 00:32:04','2021-09-27 00:32:04'),(209,'projects',X'75706461746564',6,'App\\Project',1,'App\\User',X'7b2261747472696275746573223a7b2270726f6a6563745f6e616d65223a22436f6d706172617469766f20646520696e79656363696f6e657320792072657469726f73227d2c226f6c64223a7b2270726f6a6563745f6e616d65223a22436f6d706172617469766f20646520696e79656563696f6e657320792072657469726f73227d7d','2021-09-27 00:32:36','2021-09-27 00:32:36'),(210,'user',X'75706461746564',2,'App\\User',2,'App\\User',X'7b2261747472696275746573223a5b5d2c226f6c64223a5b5d7d','2021-09-27 10:25:02','2021-09-27 10:25:02'),(211,'user',X'75706461746564',2,'App\\User',2,'App\\User',X'7b2261747472696275746573223a5b5d2c226f6c64223a5b5d7d','2021-09-28 22:08:28','2021-09-28 22:08:28'),(212,'user',X'75706461746564',2,'App\\User',2,'App\\User',X'7b2261747472696275746573223a5b5d2c226f6c64223a5b5d7d','2021-09-28 22:18:34','2021-09-28 22:18:34'),(213,'user',X'75706461746564',2,'App\\User',2,'App\\User',X'7b2261747472696275746573223a5b5d2c226f6c64223a5b5d7d','2021-09-30 20:28:16','2021-09-30 20:28:16'),(214,'user',X'75706461746564',2,'App\\User',2,'App\\User',X'7b2261747472696275746573223a5b5d2c226f6c64223a5b5d7d','2021-10-16 02:35:57','2021-10-16 02:35:57'),(215,'user',X'75706461746564',2,'App\\User',2,'App\\User',X'7b2261747472696275746573223a5b5d2c226f6c64223a5b5d7d','2021-10-19 01:53:11','2021-10-19 01:53:11'),(216,'user',X'75706461746564',2,'App\\User',2,'App\\User',X'7b2261747472696275746573223a5b5d2c226f6c64223a5b5d7d','2021-10-30 22:46:13','2021-10-30 22:46:13'),(217,'settings',X'76696577',NULL,NULL,1,'App\\User',X'5b5d','2021-11-10 04:06:58','2021-11-10 04:06:58'),(218,'projects',X'64656c65746564',15,'App\\Project',1,'App\\User',X'7b2261747472696275746573223a7b2270726f6a6563745f6e616d65223a2243616e7469646164206465204f666572656e74657320706f7220417369676e6163695c75303066336e222c22737461747573223a312c22757365725f6964223a317d7d','2021-11-10 09:39:00','2021-11-10 09:39:00'),(219,'projects',X'64656c65746564',3,'App\\Project',1,'App\\User',X'7b2261747472696275746573223a7b2270726f6a6563745f6e616d65223a225472616e73616363696f6e657320706f72205469706f206465204d65726361646f222c22737461747573223a312c22757365725f6964223a317d7d','2021-11-10 09:39:04','2021-11-10 09:39:04'),(220,'projects',X'64656c65746564',4,'App\\Project',1,'App\\User',X'7b2261747472696275746573223a7b2270726f6a6563745f6e616d65223a225472616e73616363696f6e657320706f72206167656e7465222c22737461747573223a312c22757365725f6964223a317d7d','2021-11-10 09:39:06','2021-11-10 09:39:06'),(221,'projects',X'64656c65746564',5,'App\\Project',1,'App\\User',X'7b2261747472696275746573223a7b2270726f6a6563745f6e616d65223a2250726563696f204578616e74652070726f6d6564696f222c22737461747573223a312c22757365725f6964223a317d7d','2021-11-10 09:39:07','2021-11-10 09:39:07'),(222,'projects',X'64656c65746564',6,'App\\Project',1,'App\\User',X'7b2261747472696275746573223a7b2270726f6a6563745f6e616d65223a22436f6d706172617469766f20646520696e79656363696f6e657320792072657469726f73222c22737461747573223a312c22757365725f6964223a317d7d','2021-11-10 09:39:09','2021-11-10 09:39:09'),(223,'projects',X'64656c65746564',7,'App\\Project',1,'App\\User',X'7b2261747472696275746573223a7b2270726f6a6563745f6e616d65223a224167656e746573206175746f72697a61646f7320656e20656c204d4552222c22737461747573223a312c22757365725f6964223a317d7d','2021-11-10 09:39:15','2021-11-10 09:39:15'),(224,'projects',X'64656c65746564',8,'App\\Project',1,'App\\User',X'7b2261747472696275746573223a7b2270726f6a6563745f6e616d65223a225472616e73616363696f6e657320706f72205c753030653172656120646520636f6e74726f6c222c22737461747573223a312c22757365725f6964223a317d7d','2021-11-10 09:39:19','2021-11-10 09:39:19'),(225,'projects',X'64656c65746564',9,'App\\Project',1,'App\\User',X'7b2261747472696275746573223a7b2270726f6a6563745f6e616d65223a224d5c753030653178696d6f73206465207472616e73616363696f6e6573206469617269617320646520496e79656363695c75303066336e222c22737461747573223a312c22757365725f6964223a317d7d','2021-11-10 09:39:21','2021-11-10 09:39:21'),(226,'projects',X'64656c65746564',19,'App\\Project',1,'App\\User',X'7b2261747472696275746573223a7b2270726f6a6563745f6e616d65223a225472616e73616363696f6e657320706f72205469706f206465204f6665727461222c22737461747573223a312c22757365725f6964223a317d7d','2021-11-10 09:39:26','2021-11-10 09:39:26'),(227,'projects',X'64656c65746564',10,'App\\Project',1,'App\\User',X'7b2261747472696275746573223a7b2270726f6a6563745f6e616d65223a22506f74656e63696120646520445420646520496e79656363695c75303066336e20792072657469726f20706f72205c753030633172656120646520436f6e74726f6c222c22737461747573223a312c22757365725f6964223a317d7d','2021-11-10 09:39:29','2021-11-10 09:39:29'),(228,'projects',X'64656c65746564',11,'App\\Project',1,'App\\User',X'7b2261747472696275746573223a7b2270726f6a6563745f6e616d65223a22456e65675c7530306564612044656d616e6461646120656e20656c20534552222c22737461747573223a312c22757365725f6964223a317d7d','2021-11-10 09:39:31','2021-11-10 09:39:31'),(229,'projects',X'64656c65746564',12,'App\\Project',1,'App\\User',X'7b2261747472696275746573223a7b2270726f6a6563745f6e616d65223a2250726563696f2070726f6d6564696f2c206d5c753030653178696d6f2079206d696e696d6f206578616e746520696e746572616e75616c222c22737461747573223a312c22757365725f6964223a317d7d','2021-11-10 09:39:33','2021-11-10 09:39:33'),(230,'projects',X'64656c65746564',13,'App\\Project',1,'App\\User',X'7b2261747472696275746573223a7b2270726f6a6563745f6e616d65223a22526573756c7461646f20646520417369676e6163695c75303066336e20656e747265205c75303063317265617320646520436f6e74726f6c222c22737461747573223a312c22757365725f6964223a317d7d','2021-11-10 09:39:35','2021-11-10 09:39:35'),(231,'projects',X'64656c65746564',14,'App\\Project',1,'App\\User',X'7b2261747472696275746573223a7b2270726f6a6563745f6e616d65223a224956445420706f7220417369676e6163695c75303066336e222c22737461747573223a312c22757365725f6964223a317d7d','2021-11-10 09:39:38','2021-11-10 09:39:38'),(232,'post',X'75706461746564',47,'App\\Post',1,'App\\User',X'7b2261747472696275746573223a7b22706f73745f7469746c65223a22466c756a6f7320526567696f6e616c657320646520506f74656e636961227d2c226f6c64223a7b22706f73745f7469746c65223a22466c756a6f7320726567696f6e616c657320646520706f74656e636961227d7d','2021-11-10 09:41:00','2021-11-10 09:41:00'),(233,'post',X'75706461746564',49,'App\\Post',1,'App\\User',X'7b2261747472696275746573223a7b22706f73745f7469746c65223a2247656e65726163695c75303066336e20792044656d616e646120646520506f74656e63696120526567696f6e616c227d2c226f6c64223a7b22706f73745f7469746c65223a2247656e65726163695c75303066336e20792064656d616e646120646520706f74656e63696120726567696f6e616c227d7d','2021-11-10 09:41:39','2021-11-10 09:41:39'),(234,'post',X'75706461746564',50,'App\\Post',1,'App\\User',X'7b2261747472696275746573223a7b22706f73745f7469746c65223a2243757276612064652044656d616e646120646520506f74656e63696120526567696f6e616c227d2c226f6c64223a7b22706f73745f7469746c65223a2243757276612064652064656d616e646120646520706f74656e63696120726567696f6e616c227d7d','2021-11-10 09:42:15','2021-11-10 09:42:15'),(235,'projects',X'63726561746564',20,'App\\Project',1,'App\\User',X'7b2261747472696275746573223a7b2270726f6a6563745f6e616d65223a225472616e73616363696f6e657320706f72205469706f206465204d65726361646f222c22737461747573223a312c22757365725f6964223a317d7d','2021-11-10 09:48:18','2021-11-10 09:48:18'),(236,'projects',X'63726561746564',21,'App\\Project',1,'App\\User',X'7b2261747472696275746573223a7b2270726f6a6563745f6e616d65223a225472616e73616363696f6e657320706f72205469706f206465204f6665727461222c22737461747573223a312c22757365725f6964223a317d7d','2021-11-10 09:48:57','2021-11-10 09:48:57'),(237,'projects',X'63726561746564',22,'App\\Project',1,'App\\User',X'7b2261747472696275746573223a7b2270726f6a6563745f6e616d65223a225472616e73616363696f6e657320706f72204167656e7465222c22737461747573223a312c22757365725f6964223a317d7d','2021-11-10 09:49:13','2021-11-10 09:49:13'),(238,'projects',X'63726561746564',23,'App\\Project',1,'App\\User',X'7b2261747472696275746573223a7b2270726f6a6563745f6e616d65223a2250726563696f204578616e74652050726f6d6564696f222c22737461747573223a312c22757365725f6964223a317d7d','2021-11-10 09:49:56','2021-11-10 09:49:56'),(239,'projects',X'63726561746564',24,'App\\Project',1,'App\\User',X'7b2261747472696275746573223a7b2270726f6a6563745f6e616d65223a22436f6d706172617469766f20646520496e79656363696f6e657320792052657469726f73222c22737461747573223a312c22757365725f6964223a317d7d','2021-11-10 09:50:41','2021-11-10 09:50:41'),(240,'projects',X'63726561746564',25,'App\\Project',1,'App\\User',X'7b2261747472696275746573223a7b2270726f6a6563745f6e616d65223a224167656e746573204175746f72697a61646f7320656e20656c204d4552222c22737461747573223a312c22757365725f6964223a317d7d','2021-11-10 09:50:57','2021-11-10 09:50:57'),(241,'projects',X'63726561746564',26,'App\\Project',1,'App\\User',X'7b2261747472696275746573223a7b2270726f6a6563745f6e616d65223a225472616e73616363696f6e657320706f722050615c753030656473222c22737461747573223a312c22757365725f6964223a317d7d','2021-11-10 09:51:23','2021-11-10 09:51:23'),(242,'projects',X'63726561746564',27,'App\\Project',1,'App\\User',X'7b2261747472696275746573223a7b2270726f6a6563745f6e616d65223a224d5c753030653178696d6f7320646520496e79656363696f6e65732044696172696173222c22737461747573223a312c22757365725f6964223a317d7d','2021-11-10 09:51:39','2021-11-10 09:51:39'),(243,'projects',X'63726561746564',28,'App\\Project',1,'App\\User',X'7b2261747472696275746573223a7b2270726f6a6563745f6e616d65223a22506f74656e63696120646520445420646520496e79656363695c75303066336e20792052657469726f20706f72205c753030633172656120646520436f6e74726f6c222c22737461747573223a312c22757365725f6964223a317d7d','2021-11-10 09:52:25','2021-11-10 09:52:25'),(244,'projects',X'63726561746564',29,'App\\Project',1,'App\\User',X'7b2261747472696275746573223a7b2270726f6a6563745f6e616d65223a22456e6572675c7530306564612044656d616e6461646120656e20656c20534552222c22737461747573223a312c22757365725f6964223a317d7d','2021-11-10 09:52:40','2021-11-10 09:52:40'),(245,'projects',X'63726561746564',30,'App\\Project',1,'App\\User',X'7b2261747472696275746573223a7b2270726f6a6563745f6e616d65223a2250726563696f2050726f6d6564696f2c204d5c753030653178696d6f2079204d5c75303065646e696d6f204578616e746520496e7465726e616e75616c222c22737461747573223a312c22757365725f6964223a317d7d','2021-11-10 09:53:45','2021-11-10 09:53:45'),(246,'projects',X'63726561746564',31,'App\\Project',1,'App\\User',X'7b2261747472696275746573223a7b2270726f6a6563745f6e616d65223a22526573756c7461646f20646520417369676e6163695c75303066336e20656e747265205c75303063317265617320646520436f6e74726f6c222c22737461747573223a312c22757365725f6964223a317d7d','2021-11-10 09:54:03','2021-11-10 09:54:03'),(247,'projects',X'63726561746564',32,'App\\Project',1,'App\\User',X'7b2261747472696275746573223a7b2270726f6a6563745f6e616d65223a224956445420706f7220417369676e6163695c75303066336e222c22737461747573223a312c22757365725f6964223a317d7d','2021-11-10 09:54:15','2021-11-10 09:54:15'),(248,'projects',X'63726561746564',33,'App\\Project',1,'App\\User',X'7b2261747472696275746573223a7b2270726f6a6563745f6e616d65223a2243616e7469646164206465204f666572656e74657320706f7220417369676e6163695c75303066336e222c22737461747573223a312c22757365725f6964223a317d7d','2021-11-10 09:54:29','2021-11-10 09:54:29'),(249,'post',X'63726561746564',55,'App\\Post',1,'App\\User',X'7b2261747472696275746573223a7b22706f73745f7469746c65223a225472616e73616363696f6e657320706f72205469706f206465204d65726361646f222c22706f73745f626f6479223a2268747470733a5c2f5c2f6170706d6f76696c7a682e656e74656f70657261646f722e6f72673a383434335c2f6f70656e2d766965775c2f31323530325c2f6337343234353162636332356531623062316137393866316230333335386432222c2266656174757265645f696d616765223a22626c616e6b2e706e67222c22737461747573223a312c2270726f6a6563745f6964223a32302c22757365725f6964223a317d7d','2021-11-10 10:14:02','2021-11-10 10:14:02'),(250,'post',X'63726561746564',56,'App\\Post',1,'App\\User',X'7b2261747472696275746573223a7b22706f73745f7469746c65223a225472616e73616363696f6e657320706f72205469706f206465204f6665727461222c22706f73745f626f6479223a2268747470733a5c2f5c2f6170706d6f76696c7a682e656e74656f70657261646f722e6f72673a383434335c2f6f70656e2d766965775c2f31323530355c2f6665333030303365643231343366376632386138373939613930353136643032222c2266656174757265645f696d616765223a22626c616e6b2e706e67222c22737461747573223a312c2270726f6a6563745f6964223a32312c22757365725f6964223a317d7d','2021-11-10 10:14:55','2021-11-10 10:14:55'),(251,'post',X'63726561746564',57,'App\\Post',1,'App\\User',X'7b2261747472696275746573223a7b22706f73745f7469746c65223a225472616e73616363696f6e657320706f72204167656e7465222c22706f73745f626f6479223a2268747470733a5c2f5c2f6170706d6f76696c7a682e656e74656f70657261646f722e6f72673a383434335c2f6f70656e2d766965775c2f31323437365c2f3337666238613538333336656637333365393731366566303236333136623533222c2266656174757265645f696d616765223a22626c616e6b2e706e67222c22737461747573223a312c2270726f6a6563745f6964223a32322c22757365725f6964223a317d7d','2021-11-10 10:15:21','2021-11-10 10:15:21'),(252,'post',X'63726561746564',58,'App\\Post',1,'App\\User',X'7b2261747472696275746573223a7b22706f73745f7469746c65223a2250726563696f204578616e74652050726f6d6564696f222c22706f73745f626f6479223a2268747470733a5c2f5c2f6170706d6f76696c7a682e656e74656f70657261646f722e6f72673a383434335c2f6f70656e2d766965775c2f31333233335c2f3666633231663135363862333365613937653334393434313261353362353665222c2266656174757265645f696d616765223a22626c616e6b2e706e67222c22737461747573223a312c2270726f6a6563745f6964223a32332c22757365725f6964223a317d7d','2021-11-10 10:15:57','2021-11-10 10:15:57'),(253,'post',X'63726561746564',59,'App\\Post',1,'App\\User',X'7b2261747472696275746573223a7b22706f73745f7469746c65223a22496e79656363696f6e657320792052657469726f7320416e75616c6573222c22706f73745f626f6479223a2268747470733a5c2f5c2f6170706d6f76696c7a682e656e74656f70657261646f722e6f72673a383434335c2f6f70656e2d766965775c2f31333236335c2f3035383336663936383565366134633731306530393661633531663963356566222c2266656174757265645f696d616765223a22626c616e6b2e706e67222c22737461747573223a312c2270726f6a6563745f6964223a32342c22757365725f6964223a317d7d','2021-11-10 10:16:25','2021-11-10 10:16:25'),(254,'post',X'63726561746564',60,'App\\Post',1,'App\\User',X'7b2261747472696275746573223a7b22706f73745f7469746c65223a22496e79656363696f6e657320792052657469726f732044696172696f73222c22706f73745f626f6479223a2268747470733a5c2f5c2f6170706d6f76696c7a682e656e74656f70657261646f722e6f72673a383434335c2f6f70656e2d766965775c2f31323533325c2f3063613139383763343536363265653437316137643539616230613163356637222c2266656174757265645f696d616765223a22626c616e6b2e706e67222c22737461747573223a312c2270726f6a6563745f6964223a32342c22757365725f6964223a317d7d','2021-11-10 10:16:49','2021-11-10 10:16:49'),(255,'post',X'63726561746564',61,'App\\Post',1,'App\\User',X'7b2261747472696275746573223a7b22706f73745f7469746c65223a22496e79656363696f6e657320792052657469726f73204d656e7375616c6573222c22706f73745f626f6479223a2268747470733a5c2f5c2f6170706d6f76696c7a682e656e74656f70657261646f722e6f72673a383434335c2f6f70656e2d766965775c2f31323534305c2f3166663339656463373836383932626164383564363337653133356266386561222c2266656174757265645f696d616765223a22626c616e6b2e706e67222c22737461747573223a312c2270726f6a6563745f6964223a32342c22757365725f6964223a317d7d','2021-11-10 10:17:12','2021-11-10 10:17:12'),(256,'post',X'63726561746564',62,'App\\Post',1,'App\\User',X'7b2261747472696275746573223a7b22706f73745f7469746c65223a224167656e746573204175746f72697a61646f7320656e20656c204d4552222c22706f73745f626f6479223a2268747470733a5c2f5c2f6170706d6f76696c7a682e656e74656f70657261646f722e6f72673a383434335c2f6f70656e2d766965775c2f31333339365c2f6365303036333437313562626435306539666163393530626537623763656164222c2266656174757265645f696d616765223a22626c616e6b2e706e67222c22737461747573223a312c2270726f6a6563745f6964223a32352c22757365725f6964223a317d7d','2021-11-10 10:17:45','2021-11-10 10:17:45'),(257,'post',X'63726561746564',63,'App\\Post',1,'App\\User',X'7b2261747472696275746573223a7b22706f73745f7469746c65223a225472616e73616363696f6e657320706f722050615c753030656473222c22706f73745f626f6479223a2268747470733a5c2f5c2f6170706d6f76696c7a682e656e74656f70657261646f722e6f72673a383434335c2f6f70656e2d766965775c2f31333432385c2f6136376637663534613561646431623064393964663030356132663764383838222c2266656174757265645f696d616765223a22626c616e6b2e706e67222c22737461747573223a312c2270726f6a6563745f6964223a32362c22757365725f6964223a317d7d','2021-11-10 10:18:22','2021-11-10 10:18:22'),(258,'post',X'63726561746564',64,'App\\Post',1,'App\\User',X'7b2261747472696275746573223a7b22706f73745f7469746c65223a224d5c753030653178696d6f7320646520496e79656363696f6e65732044696172696173222c22706f73745f626f6479223a2268747470733a5c2f5c2f6170706d6f76696c7a682e656e74656f70657261646f722e6f72673a383434335c2f6f70656e2d766965775c2f31333434365c2f3837663262643331376630343537323938393864363939393732633537366166222c2266656174757265645f696d616765223a22626c616e6b2e706e67222c22737461747573223a312c2270726f6a6563745f6964223a32372c22757365725f6964223a317d7d','2021-11-10 10:19:05','2021-11-10 10:19:05'),(259,'post',X'63726561746564',65,'App\\Post',1,'App\\User',X'7b2261747472696275746573223a7b22706f73745f7469746c65223a22506f74656e636961206465204465726563686f73206465205472616e736d6973695c75303066336e20706f72204167656e7465222c22706f73745f626f6479223a2268747470733a5c2f5c2f6170706d6f76696c7a682e656e74656f70657261646f722e6f72673a383434335c2f6f70656e2d766965775c2f31323637315c2f3236646333373735636165633633343237353938636132653661616430353131222c2266656174757265645f696d616765223a22626c616e6b2e706e67222c22737461747573223a312c2270726f6a6563745f6964223a32382c22757365725f6964223a317d7d','2021-11-10 10:21:02','2021-11-10 10:21:02'),(260,'projects',X'75706461746564',28,'App\\Project',1,'App\\User',X'7b2261747472696275746573223a7b2270726f6a6563745f6e616d65223a22506f74656e636961206465204465726563686f73206465205472616e736d6973695c75303066336e20706f72204167656e7465227d2c226f6c64223a7b2270726f6a6563745f6e616d65223a22506f74656e63696120646520445420646520496e79656363695c75303066336e20792052657469726f20706f72205c753030633172656120646520436f6e74726f6c227d7d','2021-11-10 10:22:58','2021-11-10 10:22:58'),(261,'post',X'63726561746564',66,'App\\Post',1,'App\\User',X'7b2261747472696275746573223a7b22706f73745f7469746c65223a22456e6572675c7530306564612044656d616e6461646120656e20656c20534552222c22706f73745f626f6479223a2268747470733a5c2f5c2f6170706d6f76696c7a682e656e74656f70657261646f722e6f72673a383434335c2f6f70656e2d766965775c2f31323637335c2f3434633165666462663732333133336630323233666630616634373334646138222c2266656174757265645f696d616765223a22626c616e6b2e706e67222c22737461747573223a312c2270726f6a6563745f6964223a32392c22757365725f6964223a317d7d','2021-11-10 10:23:29','2021-11-10 10:23:29'),(262,'post',X'63726561746564',67,'App\\Post',1,'App\\User',X'7b2261747472696275746573223a7b22706f73745f7469746c65223a2250726563696f204578616e746520496e746572616e75616c222c22706f73745f626f6479223a2268747470733a5c2f5c2f6170706d6f76696c7a682e656e74656f70657261646f722e6f72673a383434335c2f6f70656e2d766965775c2f31323735305c2f6663383333613637303263386434303662653535633261313731653633343231222c2266656174757265645f696d616765223a22626c616e6b2e706e67222c22737461747573223a312c2270726f6a6563745f6964223a33302c22757365725f6964223a317d7d','2021-11-10 10:23:54','2021-11-10 10:23:54'),(263,'post',X'63726561746564',68,'App\\Post',1,'App\\User',X'7b2261747472696275746573223a7b22706f73745f7469746c65223a22526573756c7461646f20646520417369676e6163695c75303066336e20656e747265205c75303063317265617320646520436f6e74726f6c222c22706f73745f626f6479223a2268747470733a5c2f5c2f6170706d6f76696c7a682e656e74656f70657261646f722e6f72673a383434335c2f6f70656e2d766965775c2f31323637355c2f6236623836303365646634373636326339623532333461353632313262313664222c2266656174757265645f696d616765223a22626c616e6b2e706e67222c22737461747573223a312c2270726f6a6563745f6964223a33312c22757365725f6964223a317d7d','2021-11-10 10:24:21','2021-11-10 10:24:21'),(264,'post',X'63726561746564',69,'App\\Post',1,'App\\User',X'7b2261747472696275746573223a7b22706f73745f7469746c65223a224956445420706f7220417369676e6163695c75303066336e222c22706f73745f626f6479223a2268747470733a5c2f5c2f6170706d6f76696c7a682e656e74656f70657261646f722e6f72673a383434335c2f6f70656e2d766965775c2f31333533335c2f3333326666303830346666303134313762363737336265323530363632666232222c2266656174757265645f696d616765223a22626c616e6b2e706e67222c22737461747573223a312c2270726f6a6563745f6964223a33322c22757365725f6964223a317d7d','2021-11-10 10:24:40','2021-11-10 10:24:40'),(265,'post',X'63726561746564',70,'App\\Post',1,'App\\User',X'7b2261747472696275746573223a7b22706f73745f7469746c65223a224956445420706f7220417369676e6163695c75303066336e222c22706f73745f626f6479223a2268747470733a5c2f5c2f6170706d6f76696c7a682e656e74656f70657261646f722e6f72673a383434335c2f6f70656e2d766965775c2f31333533335c2f3333326666303830346666303134313762363737336265323530363632666232222c2266656174757265645f696d616765223a22626c616e6b2e706e67222c22737461747573223a312c2270726f6a6563745f6964223a33322c22757365725f6964223a317d7d','2021-11-10 10:24:50','2021-11-10 10:24:50'),(266,'post',X'63726561746564',71,'App\\Post',1,'App\\User',X'7b2261747472696275746573223a7b22706f73745f7469746c65223a224956445420706f7220417369676e6163695c75303066336e222c22706f73745f626f6479223a2268747470733a5c2f5c2f6170706d6f76696c7a682e656e74656f70657261646f722e6f72673a383434335c2f6f70656e2d766965775c2f31333533335c2f3333326666303830346666303134313762363737336265323530363632666232222c2266656174757265645f696d616765223a22626c616e6b2e706e67222c22737461747573223a312c2270726f6a6563745f6964223a33322c22757365725f6964223a317d7d','2021-11-10 10:24:56','2021-11-10 10:24:56'),(267,'post',X'63726561746564',72,'App\\Post',1,'App\\User',X'7b2261747472696275746573223a7b22706f73745f7469746c65223a224956445420706f7220417369676e6163695c75303066336e222c22706f73745f626f6479223a2268747470733a5c2f5c2f6170706d6f76696c7a682e656e74656f70657261646f722e6f72673a383434335c2f6f70656e2d766965775c2f31333533335c2f3333326666303830346666303134313762363737336265323530363632666232222c2266656174757265645f696d616765223a22626c616e6b2e706e67222c22737461747573223a312c2270726f6a6563745f6964223a33322c22757365725f6964223a317d7d','2021-11-10 10:25:08','2021-11-10 10:25:08'),(268,'post',X'63726561746564',73,'App\\Post',1,'App\\User',X'7b2261747472696275746573223a7b22706f73745f7469746c65223a224956445420706f7220417369676e6163695c75303066336e222c22706f73745f626f6479223a2268747470733a5c2f5c2f6170706d6f76696c7a682e656e74656f70657261646f722e6f72673a383434335c2f6f70656e2d766965775c2f31333533335c2f3333326666303830346666303134313762363737336265323530363632666232222c2266656174757265645f696d616765223a22626c616e6b2e706e67222c22737461747573223a312c2270726f6a6563745f6964223a33322c22757365725f6964223a317d7d','2021-11-10 10:25:17','2021-11-10 10:25:17'),(269,'post',X'64656c65746564',69,'App\\Post',1,'App\\User',X'7b2261747472696275746573223a7b22706f73745f7469746c65223a224956445420706f7220417369676e6163695c75303066336e222c22706f73745f626f6479223a2268747470733a5c2f5c2f6170706d6f76696c7a682e656e74656f70657261646f722e6f72673a383434335c2f6f70656e2d766965775c2f31333533335c2f3333326666303830346666303134313762363737336265323530363632666232222c2266656174757265645f696d616765223a22626c616e6b2e706e67222c22737461747573223a312c2270726f6a6563745f6964223a33322c22757365725f6964223a317d7d','2021-11-10 10:25:55','2021-11-10 10:25:55'),(270,'post',X'64656c65746564',70,'App\\Post',1,'App\\User',X'7b2261747472696275746573223a7b22706f73745f7469746c65223a224956445420706f7220417369676e6163695c75303066336e222c22706f73745f626f6479223a2268747470733a5c2f5c2f6170706d6f76696c7a682e656e74656f70657261646f722e6f72673a383434335c2f6f70656e2d766965775c2f31333533335c2f3333326666303830346666303134313762363737336265323530363632666232222c2266656174757265645f696d616765223a22626c616e6b2e706e67222c22737461747573223a312c2270726f6a6563745f6964223a33322c22757365725f6964223a317d7d','2021-11-10 10:25:58','2021-11-10 10:25:58'),(271,'post',X'64656c65746564',71,'App\\Post',1,'App\\User',X'7b2261747472696275746573223a7b22706f73745f7469746c65223a224956445420706f7220417369676e6163695c75303066336e222c22706f73745f626f6479223a2268747470733a5c2f5c2f6170706d6f76696c7a682e656e74656f70657261646f722e6f72673a383434335c2f6f70656e2d766965775c2f31333533335c2f3333326666303830346666303134313762363737336265323530363632666232222c2266656174757265645f696d616765223a22626c616e6b2e706e67222c22737461747573223a312c2270726f6a6563745f6964223a33322c22757365725f6964223a317d7d','2021-11-10 10:25:59','2021-11-10 10:25:59'),(272,'post',X'64656c65746564',72,'App\\Post',1,'App\\User',X'7b2261747472696275746573223a7b22706f73745f7469746c65223a224956445420706f7220417369676e6163695c75303066336e222c22706f73745f626f6479223a2268747470733a5c2f5c2f6170706d6f76696c7a682e656e74656f70657261646f722e6f72673a383434335c2f6f70656e2d766965775c2f31333533335c2f3333326666303830346666303134313762363737336265323530363632666232222c2266656174757265645f696d616765223a22626c616e6b2e706e67222c22737461747573223a312c2270726f6a6563745f6964223a33322c22757365725f6964223a317d7d','2021-11-10 10:26:02','2021-11-10 10:26:02'),(273,'post',X'63726561746564',74,'App\\Post',1,'App\\User',X'7b2261747472696275746573223a7b22706f73745f7469746c65223a224f666572656e74657320706f7220417369676e6163695c75303066336e222c22706f73745f626f6479223a2268747470733a5c2f5c2f6170706d6f76696c7a682e656e74656f70657261646f722e6f72673a383434335c2f6f70656e2d766965775c2f31333533355c2f3132373033626430326130323064373639316432366235613364663438643762222c2266656174757265645f696d616765223a22626c616e6b2e706e67222c22737461747573223a312c2270726f6a6563745f6964223a33332c22757365725f6964223a317d7d','2021-11-10 10:26:43','2021-11-10 10:26:43');


INSERT INTO migrations(id,migration,batch) VALUES(84,'2014_10_12_000000_create_users_table',1),(85,'2014_10_12_100000_create_password_resets_table',1),(86,'2019_08_19_000000_create_failed_jobs_table',1),(87,'2019_12_14_000001_create_personal_access_tokens_table',1),(88,'2020_06_16_085749_create_settings_table',1),(89,'2020_06_16_094101_create_activity_log_table',1),(90,'2020_06_16_094554_create_permission_tables',1),(91,'2020_06_16_100611_add_profile_fields_to_users_table',1),(92,'2020_06_17_070600_create_projects_table',1),(93,'2020_07_10_153700_create_posts_table',1);


INSERT INTO model_has_roles(role_id,model_type,model_id) VALUES(1,'App\\User',1),(2,'App\\User',2);


INSERT INTO permissions(id,name,guard_name,created_at,updated_at) VALUES(1,'update-settings','web','2021-07-20 06:33:20','2021-07-20 06:33:20'),(2,'view-user','web','2021-07-20 06:33:20','2021-07-20 06:33:20'),(3,'create-user','web','2021-07-20 06:33:21','2021-07-20 06:33:21'),(4,'update-user','web','2021-07-20 06:33:21','2021-07-20 06:33:21'),(5,'destroy-user','web','2021-07-20 06:33:21','2021-07-20 06:33:21'),(6,'view-role','web','2021-07-20 06:33:21','2021-07-20 06:33:21'),(7,'view-permission','web','2021-07-20 06:33:21','2021-07-20 06:33:21'),(8,'create-role','web','2021-07-20 06:33:21','2021-07-20 06:33:21'),(9,'create-permission','web','2021-07-20 06:33:21','2021-07-20 06:33:21'),(10,'update-role','web','2021-07-20 06:33:21','2021-07-20 06:33:21'),(11,'update-permission','web','2021-07-20 06:33:21','2021-07-20 06:33:21'),(12,'destroy-role','web','2021-07-20 06:33:21','2021-07-20 06:33:21'),(13,'destroy-permission','web','2021-07-20 06:33:21','2021-07-20 06:33:21'),(14,'view-activity-log','web','2021-07-20 06:33:21','2021-07-20 06:33:21'),(15,'view-project','web','2021-07-20 06:33:21','2021-07-20 06:33:21'),(16,'create-project','web','2021-07-20 06:33:21','2021-07-20 06:33:21'),(17,'update-project','web','2021-07-20 06:33:21','2021-07-20 06:33:21'),(18,'destroy-project','web','2021-07-20 06:33:21','2021-07-20 06:33:21'),(19,'view-post','web','2021-07-20 06:33:21','2021-07-20 06:33:21'),(20,'create-post','web','2021-07-20 06:33:21','2021-07-20 06:33:21'),(21,'update-post','web','2021-07-20 06:33:21','2021-07-20 06:33:21'),(22,'destroy-post','web','2021-07-20 06:33:21','2021-07-20 06:33:21'),(23,'viewer-explorer','web','2021-07-20 06:33:21','2021-07-20 06:33:21'),(24,'update-profile','web','2021-07-20 06:33:21','2021-07-20 06:33:21'),(25,'default.Transacciones por tipo de oferta','web','2021-07-20 07:29:17','2021-07-20 07:29:17'),(26,'default.Transacciones por agente','web','2021-07-20 07:29:55','2021-07-20 07:29:55'),(27,'default.Precio Exante promedio por rea de Control','web','2021-07-20 07:30:32','2021-07-20 07:30:32'),(28,'default.Inyecciones y Retiros ao actual vs ao anterior','web','2021-07-20 07:31:10','2021-07-20 07:31:10'),(29,'default.Agentes autorizados para realizar transacciones en el MER','web','2021-07-20 07:31:42','2021-07-20 07:31:42'),(30,'default.Transacciones por rea de control','web','2021-07-20 07:32:11','2021-07-20 07:32:11'),(31,'default.Mximos de transacciones diarias de Inyeccin','web','2021-07-20 07:32:46','2021-07-20 07:32:46'),(32,'default.Potencia de DT de Inyeccin y retiro por rea de Control','web','2021-07-20 07:33:29','2021-07-20 07:33:29'),(33,'default.Enega Demandada en el SER','web','2021-07-20 07:34:09','2021-07-20 07:34:09'),(34,'default.Precio promedio, mximo y minimo exante interanual','web','2021-07-20 07:34:50','2021-07-20 07:34:50'),(35,'default.Resultado de Asignacin entre reas de Control','web','2021-07-20 07:35:32','2021-07-20 07:35:32'),(36,'default.IVDT por Asignacin','web','2021-07-20 07:36:14','2021-07-20 07:36:14'),(37,'default.Cantidad de Oferentes por Asignacin','web','2021-07-20 07:36:45','2021-07-20 07:36:45'),(38,'default.Generacin y Demanda de potencia regional en tiempo real','web','2021-07-20 07:57:45','2021-07-20 07:57:45'),(39,'default.Generacin y Demanda de potencia regional en tiempo real  (Cont)','web','2021-07-20 08:01:33','2021-07-20 08:01:33'),(40,'default.Flujos regionales de potencia en tiempo real','web','2021-07-20 08:15:10','2021-07-20 08:15:10'),(41,'KPI EOR.Frecuencia del SER Tiempo Real','web','2021-08-04 05:02:26','2021-08-04 05:02:26'),(42,'Tipos de Oferta.Inyeccin por tipo de mercado','web','2021-09-17 05:38:01','2021-09-17 05:38:01'),(43,'Transacciones por Tipo de Mercado.Retiro por tipo de mercado','web','2021-09-17 05:39:37','2021-09-17 05:39:37'),(46,'Transacciones por agente.Inyeccin','web','2021-09-17 05:43:28','2021-09-17 05:43:28'),(47,'Transacciones por agente.Retiro','web','2021-09-17 05:44:09','2021-09-17 05:44:09'),(48,'Precio Exante promedio.Promedio por pas','web','2021-09-17 05:45:30','2021-09-17 05:45:30'),(49,'Precio Exante promedio.Por periodo','web','2021-09-17 05:47:07','2021-09-17 05:47:07'),(50,'Inyecciones y Retiros ao actual vs ao anterior.Inyecciones y Retiros anuales','web','2021-09-17 05:51:01','2021-09-17 05:51:01'),(51,'Inyecciones y Retiros ao actual vs ao anterior.Inyecciones y Retiros diarios','web','2021-09-17 05:51:35','2021-09-17 05:51:35'),(52,'Agentes autorizados en el MER.Agentes Autorizados','web','2021-09-17 06:00:32','2021-09-17 06:00:32'),(53,'Agentes autorizados en el MER.Guatemala','web','2021-09-17 06:00:55','2021-09-17 06:00:55'),(54,'Agentes autorizados en el MER.El Salvador','web','2021-09-17 06:01:22','2021-09-17 06:01:22'),(55,'Agentes autorizados en el MER.Honduras','web','2021-09-17 06:02:48','2021-09-17 06:02:48'),(56,'Agentes autorizados en el MER.Nicaragua','web','2021-09-17 06:03:08','2021-09-17 06:03:08'),(57,'Agentes autorizados en el MER.Costa Rica','web','2021-09-17 06:03:28','2021-09-17 06:03:28'),(58,'Transacciones por rea de control.Inyeccin','web','2021-09-17 06:05:06','2021-09-17 06:05:06'),(59,'Transacciones por rea de control.Retiro','web','2021-09-17 06:05:26','2021-09-17 06:05:26'),(60,'Mximos de transacciones diarias de Inyeccin.Mximos de inyecciones diarias','web','2021-09-17 06:08:14','2021-09-17 06:08:14'),(61,'Potencia de DT de Inyeccin y retiro por rea de Control.Potencia de Derechos de Transmisin','web','2021-09-17 06:09:19','2021-09-17 06:09:19'),(62,'Enega Demandada en el SER.Energa Consumida por los Pases Miembros','web','2021-09-17 06:10:19','2021-09-17 06:10:19'),(63,'Precio promedio, mximo y minimo exante interanual.Promedio','web','2021-09-17 06:11:33','2021-09-17 06:11:33'),(64,'Precio promedio, mximo y minimo exante interanual.Mximo','web','2021-09-17 06:11:54','2021-09-17 06:11:54'),(65,'Precio promedio, mximo y minimo exante interanual.Minimo','web','2021-09-17 06:12:25','2021-09-17 06:12:25'),(66,'Resultado de Asignacin entre reas de Control.Asignacin entre Pases','web','2021-09-17 06:13:54','2021-09-17 06:13:54'),(68,'Cantidad de Oferentes por Asignacin.Oferentes por Asignacin','web','2021-09-17 06:15:40','2021-09-17 06:15:40'),(69,'Real Time.Flujos regionales de potencia en tiempo real','web','2021-09-17 06:30:14','2021-09-17 06:30:14'),(70,'Real Time.Frecuencia del SER Tiempo Real','web','2021-09-17 06:30:45','2021-09-17 06:30:45'),(71,'Real Time.Generacin y Demanda de potencia regional en tiempo real','web','2021-09-17 06:31:11','2021-09-17 06:31:11'),(72,'Real Time.Curva de Demanda de Potencia Regional','web','2021-09-17 06:31:33','2021-09-17 06:31:33'),(73,'Transacciones por Tipo de Oferta.Inyeccin por tipo de oferta','web','2021-09-26 22:13:29','2021-09-26 22:13:29'),(74,'Transacciones por Tipo de Oferta.Retiro por tipo de oferta','web','2021-09-26 22:13:48','2021-09-26 22:13:48'),(75,'Cantidad de Oferentes por Asignacin.Oferentes rechazados','web','2021-09-26 22:44:31','2021-09-26 22:44:31'),(76,'Agentes autorizados en el MER.Panam','web','2021-09-27 00:05:54','2021-09-27 00:05:54'),(77,'Transacciones por Tipo de Mercado.Transacciones por Tipo de Mercado','web','2021-11-10 10:14:02','2021-11-10 10:14:02'),(78,'Transacciones por Tipo de Oferta.Transacciones por Tipo de Oferta','web','2021-11-10 10:14:55','2021-11-10 10:14:55'),(79,'Transacciones por Agente.Transacciones por Agente','web','2021-11-10 10:15:21','2021-11-10 10:15:21'),(80,'Precio Exante Promedio.Precio Exante Promedio','web','2021-11-10 10:15:57','2021-11-10 10:15:57'),(81,'Comparativo de Inyecciones y Retiros.Inyecciones y Retiros Anuales','web','2021-11-10 10:16:25','2021-11-10 10:16:25'),(82,'Comparativo de Inyecciones y Retiros.Inyecciones y Retiros Diarios','web','2021-11-10 10:16:49','2021-11-10 10:16:49'),(83,'Comparativo de Inyecciones y Retiros.Inyecciones y Retiros Mensuales','web','2021-11-10 10:17:12','2021-11-10 10:17:12'),(84,'Agentes Autorizados en el MER.Agentes Autorizados en el MER','web','2021-11-10 10:17:45','2021-11-10 10:17:45'),(85,'Transacciones por Pas.Transacciones por Pas','web','2021-11-10 10:18:22','2021-11-10 10:18:22'),(86,'Mximos de Inyecciones Diarias.Mximos de Inyecciones Diarias','web','2021-11-10 10:19:05','2021-11-10 10:19:05'),(87,'Potencia de DT de Inyeccin y Retiro por rea de Control.Potencia de Derechos de Transmisin por Agente','web','2021-11-10 10:21:02','2021-11-10 10:21:02'),(88,'Energa Demandada en el SER.Energa Demandada en el SER','web','2021-11-10 10:23:29','2021-11-10 10:23:29'),(89,'Precio Promedio, Mximo y Mnimo Exante Internanual.Precio Exante Interanual','web','2021-11-10 10:23:54','2021-11-10 10:23:54'),(90,'Resultado de Asignacin entre reas de Control.Resultado de Asignacin entre reas de Control','web','2021-11-10 10:24:21','2021-11-10 10:24:21');


INSERT INTO posts(id,post_title,post_body,featured_image,status,project_id,user_id,created_at,updated_at) VALUES(47,'Flujos Regionales de Potencia',X'68747470733a2f2f6170706d6f76696c7a682e656e74656f70657261646f722e6f72672f4d6170615765622f6d61702e68746d6c','blank.png',1,18,1,'2021-09-17 06:30:14','2021-11-10 09:41:00'),(48,'Frecuencia del SER',X'68747470733a2f2f6170706d6f76696c7a682e656e74656f70657261646f722e6f72672f656f726b70692f696e6465782e7068702f6170692f696e64696361646f7232','blank.png',1,18,1,'2021-09-17 06:30:45','2021-09-26 22:27:46'),(49,'Generacin y Demanda de Potencia Regional',X'68747470733a2f2f6170706d6f76696c7a682e656e74656f70657261646f722e6f72672f656f726b70692f696e6465782e7068702f6170692f696e64696361646f7231','blank.png',1,18,1,'2021-09-17 06:31:11','2021-11-10 09:41:39'),(50,'Curva de Demanda de Potencia Regional',X'68747470733a2f2f6170706d6f76696c7a682e656e74656f70657261646f722e6f72672f656f726b70692f696e6465782e7068702f6170692f696e64696361646f72312d31','blank.png',1,18,1,'2021-09-17 06:31:33','2021-11-10 09:42:15'),(55,'Transacciones por Tipo de Mercado',X'68747470733a2f2f6170706d6f76696c7a682e656e74656f70657261646f722e6f72673a383434332f6f70656e2d766965772f31323530322f6337343234353162636332356531623062316137393866316230333335386432','blank.png',1,20,1,'2021-11-10 10:14:02','2021-11-10 10:14:02'),(56,'Transacciones por Tipo de Oferta',X'68747470733a2f2f6170706d6f76696c7a682e656e74656f70657261646f722e6f72673a383434332f6f70656e2d766965772f31323530352f6665333030303365643231343366376632386138373939613930353136643032','blank.png',1,21,1,'2021-11-10 10:14:55','2021-11-10 10:14:55'),(57,'Transacciones por Agente',X'68747470733a2f2f6170706d6f76696c7a682e656e74656f70657261646f722e6f72673a383434332f6f70656e2d766965772f31323437362f3337666238613538333336656637333365393731366566303236333136623533','blank.png',1,22,1,'2021-11-10 10:15:21','2021-11-10 10:15:21'),(58,'Precio Exante Promedio',X'68747470733a2f2f6170706d6f76696c7a682e656e74656f70657261646f722e6f72673a383434332f6f70656e2d766965772f31333233332f3666633231663135363862333365613937653334393434313261353362353665','blank.png',1,23,1,'2021-11-10 10:15:57','2021-11-10 10:15:57'),(59,'Inyecciones y Retiros Anuales',X'68747470733a2f2f6170706d6f76696c7a682e656e74656f70657261646f722e6f72673a383434332f6f70656e2d766965772f31333236332f3035383336663936383565366134633731306530393661633531663963356566','blank.png',1,24,1,'2021-11-10 10:16:25','2021-11-10 10:16:25'),(60,'Inyecciones y Retiros Diarios',X'68747470733a2f2f6170706d6f76696c7a682e656e74656f70657261646f722e6f72673a383434332f6f70656e2d766965772f31323533322f3063613139383763343536363265653437316137643539616230613163356637','blank.png',1,24,1,'2021-11-10 10:16:49','2021-11-10 10:16:49'),(61,'Inyecciones y Retiros Mensuales',X'68747470733a2f2f6170706d6f76696c7a682e656e74656f70657261646f722e6f72673a383434332f6f70656e2d766965772f31323534302f3166663339656463373836383932626164383564363337653133356266386561','blank.png',1,24,1,'2021-11-10 10:17:12','2021-11-10 10:17:12'),(62,'Agentes Autorizados en el MER',X'68747470733a2f2f6170706d6f76696c7a682e656e74656f70657261646f722e6f72673a383434332f6f70656e2d766965772f31333339362f6365303036333437313562626435306539666163393530626537623763656164','blank.png',1,25,1,'2021-11-10 10:17:45','2021-11-10 10:17:45'),(63,'Transacciones por Pas',X'68747470733a2f2f6170706d6f76696c7a682e656e74656f70657261646f722e6f72673a383434332f6f70656e2d766965772f31333432382f6136376637663534613561646431623064393964663030356132663764383838','blank.png',1,26,1,'2021-11-10 10:18:22','2021-11-10 10:18:22'),(64,'Mximos de Inyecciones Diarias',X'68747470733a2f2f6170706d6f76696c7a682e656e74656f70657261646f722e6f72673a383434332f6f70656e2d766965772f31333434362f3837663262643331376630343537323938393864363939393732633537366166','blank.png',1,27,1,'2021-11-10 10:19:05','2021-11-10 10:19:05'),(65,'Potencia de Derechos de Transmisin por Agente',X'68747470733a2f2f6170706d6f76696c7a682e656e74656f70657261646f722e6f72673a383434332f6f70656e2d766965772f31323637312f3236646333373735636165633633343237353938636132653661616430353131','blank.png',1,28,1,'2021-11-10 10:21:02','2021-11-10 10:21:02'),(66,'Energa Demandada en el SER',X'68747470733a2f2f6170706d6f76696c7a682e656e74656f70657261646f722e6f72673a383434332f6f70656e2d766965772f31323637332f3434633165666462663732333133336630323233666630616634373334646138','blank.png',1,29,1,'2021-11-10 10:23:29','2021-11-10 10:23:29'),(67,'Precio Exante Interanual',X'68747470733a2f2f6170706d6f76696c7a682e656e74656f70657261646f722e6f72673a383434332f6f70656e2d766965772f31323735302f6663383333613637303263386434303662653535633261313731653633343231','blank.png',1,30,1,'2021-11-10 10:23:54','2021-11-10 10:23:54'),(68,'Resultado de Asignacin entre reas de Control',X'68747470733a2f2f6170706d6f76696c7a682e656e74656f70657261646f722e6f72673a383434332f6f70656e2d766965772f31323637352f6236623836303365646634373636326339623532333461353632313262313664','blank.png',1,31,1,'2021-11-10 10:24:21','2021-11-10 10:24:21'),(73,'IVDT por Asignacin',X'68747470733a2f2f6170706d6f76696c7a682e656e74656f70657261646f722e6f72673a383434332f6f70656e2d766965772f31333533332f3333326666303830346666303134313762363737336265323530363632666232','blank.png',1,32,1,'2021-11-10 10:25:17','2021-11-10 10:25:17'),(74,'Oferentes por Asignacin',X'68747470733a2f2f6170706d6f76696c7a682e656e74656f70657261646f722e6f72673a383434332f6f70656e2d766965772f31333533352f3132373033626430326130323064373639316432366235613364663438643762','blank.png',1,33,1,'2021-11-10 10:26:43','2021-11-10 10:26:43');

INSERT INTO projects(id,project_name,status,user_id,created_at,updated_at) VALUES(18,'Real Time',1,1,'2021-09-17 06:29:51','2021-09-17 06:29:51'),(20,'Transacciones por Tipo de Mercado',1,1,'2021-11-10 09:48:18','2021-11-10 09:48:18'),(21,'Transacciones por Tipo de Oferta',1,1,'2021-11-10 09:48:57','2021-11-10 09:48:57'),(22,'Transacciones por Agente',1,1,'2021-11-10 09:49:13','2021-11-10 09:49:13'),(23,'Precio Exante Promedio',1,1,'2021-11-10 09:49:56','2021-11-10 09:49:56'),(24,'Comparativo de Inyecciones y Retiros',1,1,'2021-11-10 09:50:41','2021-11-10 09:50:41'),(25,'Agentes Autorizados en el MER',1,1,'2021-11-10 09:50:57','2021-11-10 09:50:57'),(26,'Transacciones por Pas',1,1,'2021-11-10 09:51:23','2021-11-10 09:51:23'),(27,'Mximos de Inyecciones Diarias',1,1,'2021-11-10 09:51:39','2021-11-10 09:51:39'),(28,'Potencia de Derechos de Transmisin por Agente',1,1,'2021-11-10 09:52:25','2021-11-10 10:22:58'),(29,'Energa Demandada en el SER',1,1,'2021-11-10 09:52:40','2021-11-10 09:52:40'),(30,'Precio Promedio, Mximo y Mnimo Exante Internanual',1,1,'2021-11-10 09:53:45','2021-11-10 09:53:45'),(31,'Resultado de Asignacin entre reas de Control',1,1,'2021-11-10 09:54:03','2021-11-10 09:54:03'),(32,'IVDT por Asignacin',1,1,'2021-11-10 09:54:15','2021-11-10 09:54:15'),(33,'Cantidad de Oferentes por Asignacin',1,1,'2021-11-10 09:54:29','2021-11-10 09:54:29');

INSERT INTO roles(id,name,guard_name,created_at,updated_at) VALUES(1,'super-admin','web','2021-07-20 06:33:21','2021-07-20 06:33:21'),(2,'user','web','2021-07-20 06:33:21','2021-07-20 06:33:21');

INSERT INTO role_has_permissions(permission_id,role_id) VALUES(1,1),(2,1),(3,1),(4,1),(5,1),(6,1),(7,1),(8,1),(9,1),(10,1),(11,1),(12,1),(13,1),(14,1),(15,1),(15,2),(16,1),(17,1),(18,1),(19,1),(19,2),(20,1),(21,1),(22,1),(23,1),(23,2),(24,1);

INSERT INTO settings(id,key,value) VALUES(1,'company_name',X'454f52'),(2,'company_email',X'7a6f686f40656d61696c2e636f6d'),(3,'company_phone',X'2b3530333233343536373832'),(4,'company_address',X'53616e2053616c7661646f72'),(5,'company_city',X'53616e2053616c7661646f72'),(6,'company_currency_symbol',X'24'),(7,'record_per_page',X'3135'),(8,'default_role',X'32'),(9,'max_login_attempts',X'33'),(10,'lockout_delay',X'32'),(17,'_token',X'47523833745a726b75385a61476a3079626d3057665569664f314b72384f66774c465544724a6839'),(18,'company_logo',X'2f66696c65732f312f454f52204c4f474f5f49736f2d46435f38303070782e706e67'),(19,'register_notification_email',X'30');
INSERT INTO users(id,name,email,phone_number,profile_photo,email_verified_at,password,remember_token,created_at,updated_at,status) VALUES(1,'Super Admin','super_admin@eor.com',NULL,NULL,'2021-07-20 06:33:21','$2y$10$Sp.VWS6XeuMOmSKel3NN.eU7iY.y/JaBrrJ3T0S1OkzLJKMFlv9hm',NULL,'2021-07-20 06:33:21','2021-07-20 06:33:21',1),(2,'User','user@eor.com',NULL,NULL,'2021-07-20 06:33:21','$2y$10$MikdD0XVoJmtZbQq8H68suKr4hOT2N5GOylvqLE12AfPUpOMxVk4O','lAyIzKGqOVqyNmiDUyZmrETm5uUxC0h35KqqmWRNaESkhDfTXpzOxB9D2jrM','2021-07-20 06:33:22','2021-07-20 06:33:22',1);
